"日期","收盘","开盘","高","低","涨跌幅"
"2022年4月19日","20.1203","19.9709","20.1409","19.9450","0.96%"
"2022年4月18日","19.9294","19.8432","19.9482","19.8129","0.28%"
"2022年4月17日","19.8731","19.8432","19.8918","19.8322","0.22%"
"2022年4月15日","19.8293","19.7346","19.8916","19.7330","0.51%"
"2022年4月14日","19.7294","19.7332","19.7589","19.6432","-0.01%"
"2022年4月13日","19.7312","19.6928","19.8433","19.6869","0.22%"
"2022年4月12日","19.6875","19.6805","19.7526","19.5917","0.11%"
"2022年4月11日","19.6658","19.4902","19.7522","19.4807","0.75%"
"2022年4月8日","19.5195","19.4839","19.5879","19.4369","0.25%"
"2022年4月7日","19.4708","19.4664","19.5035","19.4137","0.06%"
"2022年4月6日","19.4595","19.4268","19.4984","19.4125","0.19%"
"2022年4月5日","19.4227","19.2995","19.4370","19.2320","0.67%"
"2022年4月4日","19.2938","19.2729","19.3239","19.2139","0.24%"
"2022年4月1日","19.2482","19.1917","19.3363","19.1901","0.29%"
"2022年3月31日","19.1919","19.2000","19.2922","19.1268","0.03%"
"2022年3月30日","19.1862","19.3041","19.3598","19.0733","-0.54%"
"2022年3月29日","19.2912","19.4149","19.5084","19.1660","-0.78%"
"2022年3月28日","19.4433","19.1590","19.6432","19.1574","1.43%"
"2022年3月25日","19.1688","19.2148","19.2281","19.0492","-0.21%"
"2022年3月24日","19.2086","19.0124","19.2250","18.9803","1.04%"
"2022年3月23日","19.0105","18.9768","19.0711","18.9209","0.21%"
"2022年3月22日","18.9700","18.7972","19.0214","18.7909","0.94%"
"2022年3月21日","18.7940","18.7346","18.8027","18.7143","0.33%"
"2022年3月18日","18.7330","18.6852","18.7698","18.6502","0.28%"
"2022年3月17日","18.6812","18.6903","18.7383","18.6483","-0.02%"
"2022年3月16日","18.6858","18.5706","18.7547","18.5644","0.66%"
"2022年3月15日","18.5639","18.5644","18.6103","18.4408","0.07%"
"2022年3月14日","18.5506","18.5085","18.5735","18.4980","0.29%"
"2022年3月11日","18.4964","18.3718","18.5132","18.3647","0.70%"
"2022年3月10日","18.3674","18.3349","18.3911","18.3104","0.20%"
"2022年3月9日","18.3315","18.3068","18.3624","18.2875","0.16%"
"2022年3月8日","18.3018","18.2421","18.3346","18.2358","0.34%"
"2022年3月7日","18.2405","18.1671","18.2707","18.1530","0.45%"
"2022年3月4日","18.1582","18.2694","18.2899","18.1402","-0.59%"
"2022年3月3日","18.2667","18.2761","18.3312","18.2559","-0.03%"
"2022年3月2日","18.2718","18.2036","18.3037","18.1846","0.40%"
"2022年3月1日","18.1995","18.2280","18.2747","18.1658","-0.13%"
"2022年2月28日","18.2232","18.2002","18.3419","18.1979","-0.37%"
"2022年2月25日","18.2903","18.2544","18.3261","18.2206","0.22%"
"2022年2月24日","18.2496","18.2082","18.2821","18.0984","0.27%"
"2022年2月23日","18.2012","18.1908","18.2498","18.1677","0.07%"
"2022年2月22日","18.1884","18.1106","18.2275","18.0559","0.44%"
"2022年2月21日","18.1092","18.1682","18.2006","18.1066","-0.38%"
"2022年2月18日","18.1787","18.1332","18.2260","18.1103","0.26%"
"2022年2月17日","18.1315","18.2250","18.2511","18.1157","-0.42%"
"2022年2月16日","18.2079","18.2412","18.2845","18.1980","-0.16%"
"2022年2月15日","18.2369","18.1743","18.2785","18.1341","0.37%"
"2022年2月14日","18.1694","18.1406","18.2082","18.0816","0.05%"
"2022年2月11日","18.1602","18.2583","18.2843","18.0989","-0.50%"
"2022年2月10日","18.2516","18.1535","18.3008","18.1488","0.57%"
"2022年2月9日","18.1488","18.1495","18.1707","18.1252","0.01%"
"2022年2月8日","18.1464","18.0902","18.1658","18.0831","0.35%"
"2022年2月7日","18.0827","18.1954","18.2120","18.0630","-0.14%"
"2022年2月4日","18.1089","18.0742","18.1481","18.0428","0.20%"
"2022年2月3日","18.0728","17.9932","18.0781","17.9728","0.46%"
"2022年2月2日","17.9895","18.0357","18.0490","17.9461","-0.24%"
"2022年2月1日","18.0319","18.0986","18.1112","18.0105","-0.34%"
"2022年1月31日","18.0932","18.1150","18.1740","18.0663","-0.12%"
"2022年1月28日","18.1152","18.1155","18.1894","18.0935","0.08%"
"2022年1月27日","18.1002","18.1374","18.1611","18.0289","-0.19%"
"2022年1月26日","18.1342","18.0040","18.1469","17.9842","0.76%"
"2022年1月25日","17.9973","18.0034","18.0396","17.9544","0.02%"
"2022年1月24日","17.9937","17.9303","18.0089","17.9255","0.34%"
"2022年1月21日","17.9320","17.9946","18.0042","17.9100","-0.33%"
"2022年1月20日","17.9910","18.0182","18.0574","17.9708","-0.14%"
"2022年1月19日","18.0165","18.0413","18.0700","17.9807","-0.13%"
"2022年1月18日","18.0392","18.0563","18.1353","18.0128","-0.06%"
"2022年1月17日","18.0492","17.9772","18.0602","17.9646","0.41%"
"2022年1月14日","17.9755","17.9541","17.9875","17.8626","0.13%"
"2022年1月13日","17.9523","18.0313","18.0407","17.9242","-0.41%"
"2022年1月12日","18.0270","18.0881","18.1451","17.9880","-0.32%"
"2022年1月11日","18.0856","18.0695","18.1513","18.0617","0.11%"
"2022年1月10日","18.0655","18.1308","18.1822","18.0429","-0.27%"
"2022年1月7日","18.1150","18.1474","18.1926","18.1112","-0.15%"
"2022年1月6日","18.1428","18.2461","18.2572","18.1110","-0.54%"
"2022年1月5日","18.2412","18.2274","18.2572","18.1528","0.10%"
"2022年1月4日","18.2222","18.1455","18.2533","18.1023","0.50%"
"2022年1月3日","18.1318","18.1078","18.1518","18.0858","0.21%"
"2021年12月26日","18.0941","17.9634","18.1583","17.9477","0.71%"
"2021年12月19日","17.9661","17.8213","17.9780","17.7636","0.79%"
"2021年12月12日","17.8256","17.7826","17.9467","17.7440","0.17%"
"2021年12月5日","17.7949","17.6863","17.9608","17.6856","0.60%"
"2021年11月28日","17.6886","17.7311","17.8668","17.6518","-0.18%"
"2021年11月21日","17.7208","17.8428","18.0782","17.6826","-0.68%"
"2021年11月14日","17.8428","17.8545","18.0121","17.7770","-0.00%"
"2021年11月7日","17.8431","17.7272","17.8913","17.6230","0.70%"
"2021年10月31日","17.7193","17.7926","17.8820","17.7054","-0.42%"
"2021年10月24日","17.7944","17.7910","17.9107","17.7174","0.15%"
"2021年10月17日","17.7670","17.7472","17.9714","17.7162","0.13%"
"2021年10月10日","17.7435","17.4083","17.7938","17.4037","1.89%"
"2021年10月3日","17.4146","17.2236","17.4223","17.1911","1.12%"
"2021年9月26日","17.2221","17.1169","17.3414","17.1056","0.61%"
"2021年9月19日","17.1182","17.0075","17.1357","16.8753","0.68%"
"2021年9月12日","17.0032","17.0522","17.0908","16.9534","-0.32%"
"2021年9月5日","17.0574","17.0070","17.0896","16.9799","0.31%"
"2021年8月29日","17.0045","16.9744","17.0840","16.9505","0.22%"
"2021年8月22日","16.9672","16.8892","17.0208","16.8769","0.47%"
"2021年8月15日","16.8876","16.9366","16.9771","16.8259","-0.16%"
"2021年8月8日","16.9142","17.0070","17.0879","16.9111","-0.52%"
"2021年8月1日","17.0021","16.9769","17.0246","16.8320","0.15%"
"2021年7月25日","16.9762","17.0590","17.0628","16.8296","-0.45%"
"2021年7月18日","17.0536","16.9644","17.0748","16.8090","0.43%"
"2021年7月11日","16.9805","17.0035","17.1138","16.9743","-0.11%"
"2021年7月4日","16.9993","17.1565","17.2050","16.8770","-0.89%"
"2021年6月27日","17.1517","17.1532","17.2639","17.0756","-0.00%"
"2021年6月20日","17.1524","17.0871","17.1777","16.9594","0.46%"
"2021年6月13日","17.0739","17.1355","17.3248","17.0534","-0.33%"
"2021年6月6日","17.1309","17.1245","17.1821","17.0618","0.07%"
"2021年5月30日","17.1185","17.2468","17.2642","17.0958","-0.77%"
"2021年5月23日","17.2512","16.9322","17.2907","16.8958","1.89%"
"2021年5月16日","16.9306","16.9758","17.0116","16.8669","-0.32%"
"2021年5月9日","16.9849","16.8932","17.0156","16.8526","0.63%"
"2021年5月2日","16.8791","16.8788","16.9468","16.8195","0.00%"
"2021年4月25日","16.8783","16.6248","16.9000","16.5870","1.61%"
"2021年4月18日","16.6110","16.6808","16.7097","16.5591","-0.40%"
"2021年4月11日","16.6784","16.7366","16.7596","16.6180","-0.31%"
"2021年4月4日","16.7308","16.8454","16.8772","16.6420","-0.69%"
"2021年3月28日","16.8473","16.7630","16.9255","16.6896","0.52%"
"2021年3月21日","16.7599","16.7253","16.7964","16.6196","0.23%"
"2021年3月14日","16.7209","16.7575","16.8157","16.6971","-0.15%"
"2021年3月7日","16.7466","16.6860","16.7892","16.6069","0.43%"
"2021年2月28日","16.6741","16.4576","16.7481","16.4259","1.34%"
"2021年2月21日","16.4544","16.3241","16.4883","16.2296","0.82%"
"2021年2月14日","16.3209","16.2576","16.4481","16.2468","0.51%"
"2021年2月7日","16.2375","16.2966","16.3759","16.1883","-0.33%"
"2021年1月31日","16.2919","16.2849","16.3618","16.1868","0.08%"
"2021年1月24日","16.2787","16.0131","16.3129","16.0020","1.70%"
"2021年1月17日","16.0070","16.0110","16.0631","15.9615","-0.11%"
"2021年1月10日","16.0251","16.0443","16.1410","15.9949","-0.15%"
"2021年1月3日","16.0485","15.8082","16.0909","15.7814","1.52%"
"2020年12月27日","15.8079","15.8267","15.8939","15.7303","-0.05%"
"2020年12月20日","15.8159","15.8199","15.8925","15.7617","0.13%"
"2020年12月13日","15.7954","15.8877","15.9248","15.7459","-0.56%"
"2020年12月6日","15.8842","15.9433","15.9861","15.8547","-0.35%"
"2020年11月29日","15.9406","15.8229","15.9634","15.7543","0.76%"
"2020年11月22日","15.8209","15.8197","15.9071","15.7739","0.02%"
"2020年11月15日","15.8183","15.8760","15.9678","15.7545","-0.07%"
"2020年11月8日","15.8297","15.6311","15.9691","15.6084","1.34%"
"2020年11月1日","15.6206","15.6252","15.7763","15.5708","-0.08%"
"2020年10月25日","15.6331","15.6644","15.7004","15.4860","-0.11%"
"2020年10月18日","15.6504","15.7362","15.8472","15.6400","-0.53%"
"2020年10月11日","15.7337","15.7893","15.8162","15.5820","-0.22%"
"2020年10月4日","15.7689","15.5055","15.8125","15.5041","1.71%"
"2020年9月27日","15.5040","15.4628","15.5733","15.4167","0.21%"
"2020年9月20日","15.4712","15.4292","15.5172","15.3089","0.20%"
"2020年9月13日","15.4406","15.5339","15.6235","15.3939","-0.58%"
"2020年9月6日","15.5300","15.5316","15.5719","15.4381","0.06%"
"2020年8月30日","15.5214","15.3457","15.5798","15.3371","1.17%"
"2020年8月23日","15.3420","15.2996","15.5499","15.2744","0.38%"
"2020年8月16日","15.2839","15.3410","15.3679","15.1839","-0.34%"
"2020年8月9日","15.3354","15.2059","15.4269","15.1695","0.91%"
"2020年8月2日","15.1973","15.1803","15.2599","15.1256","0.16%"
"2020年7月26日","15.1737","15.1027","15.2061","14.8927","0.32%"
"2020年7月19日","15.1255","15.3174","15.3783","15.0599","-1.16%"
"2020年7月12日","15.3032","15.2682","15.3678","15.2460","0.23%"
"2020年7月5日","15.2682","15.2136","15.3804","15.2094","0.35%"
"2020年6月28日","15.2143","15.1444","15.3096","15.1177","0.43%"
"2020年6月21日","15.1486","15.1160","15.1825","15.0255","0.23%"
"2020年6月14日","15.1131","15.1531","15.2199","15.0411","-0.28%"
"2020年6月7日","15.1559","15.4879","15.4984","15.0601","-2.06%"
"2020年5月31日","15.4745","15.0948","15.5020","15.0449","2.44%"
"2020年5月24日","15.1060","15.0881","15.1378","14.9759","0.08%"
"2020年5月17日","15.0944","15.0778","15.2165","15.0415","0.16%"
"2020年5月10日","15.0708","15.0737","15.1820","15.0378","-0.05%"
"2020年5月3日","15.0780","15.1263","15.1624","14.9171","-0.40%"
"2020年4月26日","15.1390","15.1774","15.2233","15.0301","-0.28%"
"2020年4月19日","15.1817","15.2191","15.2727","15.1321","-0.13%"
"2020年4月12日","15.2021","15.4257","15.4257","15.1485","-1.37%"
"2020年4月5日","15.4129","15.2881","15.4789","15.2754","0.79%"
"2020年3月29日","15.2924","15.2045","15.3288","15.0576","0.57%"
"2020年3月22日","15.2059","15.6475","15.8182","15.1848","-2.63%"
"2020年3月15日","15.6165","15.4003","15.7157","14.9833","1.41%"
"2020年3月8日","15.3989","15.1392","15.4817","14.5695","1.36%"
"2020年3月1日","15.1924","15.3619","15.6037","15.1415","-1.72%"
"2020年2月23日","15.4585","15.8817","15.9058","15.3755","-2.65%"
"2020年2月16日","15.8794","15.7142","15.9779","15.6546","1.09%"
"2020年2月9日","15.7087","15.6898","15.8038","15.6484","0.23%"
"2020年2月2日","15.6730","15.6314","15.8033","15.4331","0.30%"
"2020年1月26日","15.6264","15.7215","15.7533","15.6149","-0.81%"
"2020年1月19日","15.7533","16.0553","16.1078","15.7374","-1.90%"
"2020年1月12日","16.0582","15.8233","16.0824","15.8176","1.49%"
"2020年1月5日","15.8218","15.5077","15.8512","15.4685","1.95%"
"2019年12月29日","15.5186","15.6494","15.6551","15.4698","-0.79%"
"2019年12月22日","15.6417","15.6154","15.7091","15.5852","0.14%"
"2019年12月15日","15.6199","15.6389","15.6800","15.5708","-0.18%"
"2019年12月8日","15.6485","15.4595","15.7427","15.4030","1.36%"
"2019年12月1日","15.4380","15.5724","15.6136","15.3285","-0.87%"
"2019年11月24日","15.5728","15.4423","15.6132","15.4310","0.90%"
"2019年11月17日","15.4339","15.5289","15.5526","15.3721","-0.54%"
"2019年11月10日","15.5181","15.6097","15.6224","15.4166","-0.65%"
"2019年11月3日","15.6195","15.3726","15.6880","15.3712","1.61%"
"2019年10月27日","15.3727","15.3816","15.4901","15.3127","-0.04%"
"2019年10月20日","15.3793","15.3171","15.3977","15.2835","0.44%"
"2019年10月13日","15.3113","15.2864","15.4095","15.2631","0.10%"
"2019年10月6日","15.2956","14.9648","15.3238","14.9089","2.24%"
"2019年9月29日","14.9608","15.1501","15.1749","14.8965","-1.27%"
"2019年9月22日","15.1535","15.1642","15.1981","15.0274","-0.09%"
"2019年9月15日","15.1679","15.2012","15.3207","15.1623","-0.65%"
"2019年9月8日","15.2675","15.0158","15.3018","14.9892","1.61%"
"2019年9月1日","15.0252","14.8470","15.0585","14.7265","1.15%"
"2019年8月25日","14.8537","14.8144","14.9354","14.7130","-0.00%"
"2019年8月18日","14.8541","15.1035","15.1479","14.8344","-1.66%"
"2019年8月11日","15.1041","14.9512","15.1985","14.8677","0.94%"
"2019年8月4日","14.9631","15.3567","15.3697","14.9049","-2.57%"
"2019年7月28日","15.3584","15.8031","15.8826","15.3454","-2.78%"
"2019年7月21日","15.7978","15.6623","15.8248","15.6493","0.94%"
"2019年7月14日","15.6514","15.6771","15.7622","15.5829","-0.20%"
"2019年7月7日","15.6821","15.7316","15.8392","15.6661","-0.33%"
"2019年6月30日","15.7341","15.7415","15.8564","15.6066","0.14%"
"2019年6月23日","15.7126","15.6348","15.7260","15.5114","0.59%"
"2019年6月16日","15.6208","15.6559","15.7485","15.5738","-0.35%"
"2019年6月9日","15.6761","15.7033","15.7394","15.6131","0.11%"
"2019年6月2日","15.6585","15.6990","15.7206","15.6136","-0.14%"
"2019年5月26日","15.6807","15.8461","15.9192","15.6807","-1.01%"
"2019年5月19日","15.8407","15.9189","16.0336","15.8323","-0.44%"
"2019年5月12日","15.9106","16.0798","16.0930","15.8295","-1.25%"
"2019年5月5日","16.1114","16.4282","16.4624","16.0343","-2.34%"
"2019年4月28日","16.4977","16.5822","16.6180","16.4828","-0.51%"
"2019年4月21日","16.5824","16.6978","16.7231","16.5192","-0.67%"
"2019年4月14日","16.6942","16.7081","16.7649","16.6600","-0.09%"
"2019年4月7日","16.7092","16.6260","16.7196","16.5029","0.48%"
"2019年3月31日","16.6297","16.5067","16.6428","16.5067","0.69%"
"2019年3月24日","16.5158","16.3493","16.5383","16.3285","0.94%"
"2019年3月17日","16.3624","16.6052","16.6674","16.3356","-1.45%"
"2019年3月10日","16.6025","16.5324","16.6504","16.4937","0.39%"
"2019年3月3日","16.5385","16.6666","16.7516","16.4792","-0.89%"
"2019年2月24日","16.6878","16.4803","16.7131","16.4729","1.22%"
"2019年2月17日","16.4867","16.3020","16.5647","16.2932","1.09%"
"2019年2月10日","16.3082","16.2911","16.4462","16.2127","0.24%"
"2019年2月3日","16.2695","16.2355","16.3333","16.2251","0.22%"
"2019年1月27日","16.2340","16.2319","16.3441","16.1482","-0.02%"
"2019年1月20日","16.2370","16.1906","16.2903","16.0359","0.27%"
"2019年1月13日","16.1935","16.0373","16.2112","15.9576","0.89%"
"2019年1月6日","16.0506","15.8024","16.0883","15.7747","1.59%"
"2018年12月30日","15.7995","16.0540","16.0613","15.2988","-1.45%"
"2018年12月23日","16.0318","16.0668","16.1864","15.9604","-0.45%"
"2018年12月16日","16.1044","16.4034","16.4628","16.0647","-1.89%"
"2018年12月9日","16.4144","16.3924","16.5326","16.2822","0.11%"
"2018年12月2日","16.3961","16.2976","16.5664","16.2976","0.57%"
"2018年11月25日","16.3027","16.2651","16.4099","16.2522","0.29%"
"2018年11月18日","16.2553","16.2614","16.3299","16.1725","-0.05%"
"2018年11月11日","16.2633","16.3629","16.4188","16.2345","-0.61%"
"2018年11月4日","16.3625","16.4254","16.4495","16.3053","-0.40%"
"2018年10月28日","16.4287","16.1202","16.4475","16.0813","1.95%"
"2018年10月21日","16.1151","16.2361","16.2752","16.0368","-0.78%"
"2018年10月14日","16.2416","16.1852","16.2715","16.1149","0.20%"
"2018年10月7日","16.2089","16.5617","16.5981","16.1626","-2.10%"
"2018年9月30日","16.5559","16.5530","16.6782","16.5268","0.02%"
"2018年9月23日","16.5523","16.4165","16.5552","16.3664","0.82%"
"2018年9月16日","16.4173","16.2975","16.5138","16.2545","0.64%"
"2018年9月9日","16.3132","16.2153","16.3739","16.1633","0.51%"
"2018年9月2日","16.2301","16.2630","16.3721","16.1469","-0.17%"
"2018年8月26日","16.2570","16.3389","16.3940","16.1868","-0.52%"
"2018年8月19日","16.3427","16.0720","16.3501","16.0097","1.71%"
"2018年8月12日","16.0677","16.2066","16.2066","15.9261","-0.83%"
"2018年8月5日","16.2023","16.2726","16.3804","16.1304","-0.50%"
"2018年7月29日","16.2830","16.2933","16.4984","16.2077","-0.09%"
"2018年7月22日","16.2974","16.4658","16.4673","16.2436","-0.95%"
"2018年7月15日","16.4544","16.7989","16.8795","16.4514","-2.02%"
"2018年7月8日","16.7933","16.6277","16.9407","16.5991","1.00%"
"2018年7月1日","16.6267","16.7196","16.7724","16.4978","-0.54%"
"2018年6月24日","16.7165","16.8972","16.9157","16.5980","-1.10%"
"2018年6月17日","16.9032","17.1909","17.2033","16.8849","-1.65%"
"2018年6月10日","17.1873","17.0821","17.3187","17.0415","0.51%"
"2018年6月3日","17.0994","17.0597","17.2628","17.0324","0.22%"
"2018年5月27日","17.0620","17.1441","17.1863","16.8493","-0.31%"
"2018年5月20日","17.1151","17.3502","17.4581","17.0769","-1.41%"
"2018年5月13日","17.3597","17.2776","17.4323","17.2452","0.51%"
"2018年5月6日","17.2709","17.1425","17.2904","17.0800","0.70%"
"2018年4月29日","17.1507","17.2213","17.3650","17.0781","-0.39%"
"2018年4月22日","17.2179","17.0913","17.3114","17.0913","0.69%"
"2018年4月15日","17.0993","17.1100","17.1610","17.0125","-0.04%"
"2018年4月8日","17.1068","16.9632","17.1639","16.9017","0.87%"
"2018年4月1日","16.9591","16.9276","17.0510","16.7939","0.14%"
"2018年3月25日","16.9354","16.5767","16.9921","16.5497","2.12%"
"2018年3月18日","16.5833","16.7261","16.8711","16.5205","-0.87%"
"2018年3月11日","16.7293","16.8693","16.9635","16.7010","-0.80%"
"2018年3月4日","16.8645","16.6625","16.9056","16.6184","1.19%"
"2018年2月25日","16.6656","16.8733","17.0545","16.5869","-1.19%"
"2018年2月18日","16.8662","16.7491","16.9977","16.7112","0.71%"
"2018年2月11日","16.7474","17.2900","17.3138","16.6246","-3.07%"
"2018年2月4日","17.2777","17.4652","17.5186","17.1354","-1.12%"
"2018年1月28日","17.4730","17.2028","17.5570","17.1367","1.58%"
"2018年1月21日","17.2014","17.2662","17.3752","17.0933","-0.56%"
"2018年1月14日","17.2978","17.2031","17.3770","17.1019","0.65%"
"2018年1月7日","17.1863","17.4213","17.4705","17.0923","-1.38%"
"2017年12月31日","17.4271","17.3185","17.4724","17.2511","0.63%"
"2017年12月24日","17.3184","17.2229","17.3413","17.2123","0.56%"
"2017年12月17日","17.2213","17.0458","17.2971","16.9770","1.10%"
"2017年12月10日","17.0342","17.1377","17.1805","16.9551","-0.61%"
"2017年12月3日","17.1396","16.9956","17.1709","16.9334","1.17%"
"2017年11月26日","16.9418","16.8824","17.0705","16.8056","0.28%"
"2017年11月19日","16.8951","16.9159","16.9857","16.8041","-0.11%"
"2017年11月12日","16.9140","17.0937","17.1609","16.8929","-1.06%"
"2017年11月5日","17.0950","17.1593","17.2817","17.0277","-0.51%"
"2017年10月29日","17.1825","17.1030","17.3072","17.0006","0.53%"
"2017年10月22日","17.0919","17.1706","17.2340","17.0540","-0.31%"
"2017年10月15日","17.1459","17.0238","17.1550","16.9312","0.86%"
"2017年10月8日","17.0003","16.9405","17.1186","16.8849","0.41%"
"2017年10月1日","16.9305","16.9169","17.0508","16.8823","0.14%"
"2017年9月24日","16.9072","16.9885","17.0720","16.8263","-0.49%"
"2017年9月17日","16.9904","16.9187","17.1243","16.8891","0.44%"
"2017年9月10日","16.9164","16.6879","17.0179","16.6118","1.67%"
"2017年9月3日","16.6385","16.6797","16.8329","16.5867","-1.03%"
"2017年8月27日","16.8110","16.4244","16.8436","16.4023","2.23%"
"2017年8月20日","16.4450","16.3955","16.5053","16.2982","0.47%"
"2017年8月13日","16.3680","16.3590","16.5845","16.2866","-0.09%"
"2017年8月6日","16.3825","16.4430","16.5399","16.3193","-0.40%"
"2017年7月30日","16.4491","16.4239","16.5079","16.3514","0.14%"
"2017年7月23日","16.4255","16.4144","16.6125","16.3701","0.02%"
"2017年7月16日","16.4218","16.6087","16.6732","16.4042","-1.12%"
"2017年7月9日","16.6084","16.7455","16.8333","16.5651","-0.75%"
"2017年7月2日","16.7346","16.5380","16.7772","16.5085","0.98%"
"2017年6月25日","16.5730","16.2538","16.6597","16.2538","1.81%"
"2017年6月18日","16.2784","16.2800","16.3957","16.2455","-0.00%"
"2017年6月11日","16.2787","16.2356","16.3558","16.0197","0.29%"
"2017年6月4日","16.2320","16.1956","16.3011","16.0609","0.14%"
"2017年5月28日","16.2096","16.2376","16.4172","16.1414","-0.20%"
"2017年5月21日","16.2416","16.1732","16.3345","16.0996","0.49%"
"2017年5月14日","16.1620","16.4062","16.5185","15.9957","-1.62%"
"2017年5月7日","16.4284","16.3717","16.5685","16.2796","0.60%"
"2017年4月30日","16.3298","16.1405","16.3940","16.1245","0.92%"
"2017年4月23日","16.1812","16.0399","16.2242","15.9236","2.14%"
"2017年4月16日","15.8418","15.7823","15.9078","15.7111","0.40%"
"2017年4月9日","15.7783","16.1017","16.1712","15.7652","-1.98%"
"2017年4月2日","16.0962","16.1720","16.2010","15.9633","-0.48%"
"2017年3月26日","16.1745","16.1604","16.2828","16.0130","0.00%"
"2017年3月19日","16.1745","16.3282","16.3745","16.0713","-0.94%"
"2017年3月12日","16.3275","16.6142","16.6607","16.3028","-1.69%"
"2017年3月5日","16.6075","16.5363","16.7112","16.4704","0.46%"
"2017年2月26日","16.5307","16.3152","16.6394","16.2650","1.21%"
"2017年2月19日","16.3327","16.4383","16.5338","16.2934","-0.64%"
"2017年2月12日","16.4385","16.4803","16.7233","16.3980","-0.13%"
"2017年2月5日","16.4593","16.3554","16.5648","16.2379","0.32%"
"2017年1月29日","16.4062","16.7229","16.7300","16.2799","-1.89%"
"2017年1月22日","16.7228","16.6352","16.7677","16.4210","0.32%"
"2017年1月15日","16.6693","16.6047","16.8295","16.4257","0.43%"
"2017年1月8日","16.5973","16.8900","16.9562","16.4698","-1.76%"
"2017年1月1日","16.8950","16.8559","17.0392","16.6991","0.38%"
"2016年12月25日","16.8316","16.8885","16.9363","16.6852","-0.37%"
"2016年12月18日","16.8937","16.9403","17.0248","16.7614","-0.34%"
"2016年12月11日","16.9520","16.6810","17.1097","16.6117","1.47%"
"2016年12月4日","16.7062","16.4902","16.7062","16.3915","1.29%"
"2016年11月27日","16.4931","16.3433","16.6789","16.1466","0.93%"
"2016年11月20日","16.3415","16.1024","16.4752","15.9978","1.46%"
"2016年11月13日","16.1062","15.6384","16.1106","15.6355","2.85%"
"2016年11月6日","15.6594","15.2652","15.7357","14.9710","2.58%"
"2016年10月30日","15.2654","15.4451","15.5334","15.1793","-1.17%"
"2016年10月23日","15.4456","15.3487","15.5715","15.3241","0.66%"
"2016年10月16日","15.3450","15.4687","15.5192","15.3040","-0.90%"
"2016年10月9日","15.4848","15.4588","15.5734","15.3417","0.38%"
"2016年10月2日","15.4259","15.1936","15.6131","15.1697","1.55%"
"2016年9月25日","15.1905","15.1505","15.2788","15.0134","0.31%"
"2016年9月18日","15.1430","15.3148","15.4024","14.9956","-1.21%"
"2016年9月11日","15.3289","15.3820","15.4978","15.1845","-0.32%"
"2016年9月4日","15.3780","15.5580","15.5850","15.1625","-1.21%"
"2016年8月28日","15.5662","15.2594","15.6171","15.2401","1.98%"
"2016年8月21日","15.2640","15.0966","15.2790","14.9985","1.33%"
"2016年8月14日","15.0635","15.2395","15.2892","15.0191","-1.34%"
"2016年8月7日","15.2675","15.2811","15.4273","15.1966","-0.18%"
"2016年7月31日","15.2950","15.3840","15.4841","15.1844","-0.54%"
"2016年7月24日","15.3788","15.8774","15.9721","15.3608","-3.16%"
"2016年7月17日","15.8807","15.7571","16.1001","15.7047","1.31%"
"2016年7月10日","15.6748","15.0263","15.9128","15.0263","4.27%"
"2016年7月3日","15.0335","15.4023","15.4315","14.9521","-2.41%"
"2016年6月26日","15.4041","15.4060","15.5515","15.2436","-0.22%"
"2016年6月19日","15.4384","15.8489","16.2532","15.0054","-2.32%"
"2016年6月12日","15.8043","16.2958","16.2973","15.7430","-3.06%"
"2016年6月5日","16.3039","16.2209","16.4262","16.1942","0.48%"
"2016年5月29日","16.2267","16.8213","16.9328","16.2222","-3.39%"
"2016年5月22日","16.7958","16.8142","16.8383","16.6397","-0.14%"
"2016年5月15日","16.8194","16.6121","16.8876","16.5937","1.15%"
"2016年5月8日","16.6282","16.4798","16.7862","16.4644","0.90%"
"2016年5月1日","16.4804","16.4259","16.5314","16.3120","0.31%"
"2016年4月24日","16.4294","17.1590","17.2221","16.4170","-4.46%"
"2016年4月17日","17.1959","16.7084","17.2005","16.6364","2.38%"
"2016年4月10日","16.7963","16.7154","16.9332","16.6457","0.51%"
"2016年4月3日","16.7118","17.2472","17.2642","16.6633","-3.04%"
"2016年3月27日","17.2360","17.3515","17.4842","17.2221","-0.67%"
"2016年3月20日","17.3527","17.2248","17.3949","17.1526","0.65%"
"2016年3月13日","17.2400","17.5324","17.5606","17.0787","-1.61%"
"2016年3月6日","17.5228","17.4848","17.5390","17.2312","0.25%"
"2016年2月28日","17.4799","17.4073","17.5567","17.1116","0.29%"
"2016年2月21日","17.4302","17.2645","17.4302","16.9983","0.99%"
"2016年2月14日","17.2590","17.2224","17.6666","17.1981","0.21%"
"2016年2月7日","17.2234","17.7830","17.8803","16.8859","-3.14%"
"2016年1月31日","17.7825","18.4161","18.4785","17.7158","-3.40%"
"2016年1月24日","18.4084","18.0340","18.5072","17.8834","1.96%"
"2016年1月17日","18.0551","17.7624","18.0703","17.6233","1.56%"
"2016年1月10日","17.7778","17.7979","18.0053","17.6843","-0.16%"
"2016年1月3日","17.8057","18.5279","18.5556","17.8027","-3.91%"
"2015年12月27日","18.5297","18.5713","18.6134","18.4804","-0.35%"
"2015年12月20日","18.5946","18.7049","18.7532","18.5457","-0.58%"
"2015年12月13日","18.7024","18.7474","19.0504","18.6354","-0.11%"
"2015年12月6日","18.7234","19.2496","19.2723","18.6784","-2.70%"
"2015年11月29日","19.2429","19.2028","19.3286","19.1147","0.17%"
"2015年11月22日","19.2097","19.2287","19.3013","19.1238","-0.21%"
"2015年11月15日","19.2498","19.1981","19.3741","19.1792","0.04%"
"2015年11月8日","19.2422","19.3946","19.4324","19.2124","-0.74%"
"2015年11月1日","19.3860","19.0852","19.4063","18.9719","1.54%"
"2015年10月25日","19.0920","19.1308","19.1598","18.9084","-0.20%"
"2015年10月18日","19.1312","18.8074","19.1359","18.7179","1.75%"
"2015年10月11日","18.8027","18.9536","19.0224","18.6039","-0.80%"
"2015年10月4日","18.9551","18.8792","18.9720","18.8305","0.48%"
"2015年9月27日","18.8647","18.9112","18.9449","18.6728","-0.28%"
"2015年9月20日","18.9173","18.8330","19.0240","18.6766","0.33%"
"2015年9月13日","18.8544","18.9059","19.0080","18.7052","-0.32%"
"2015年9月6日","18.9145","18.6928","19.0326","18.6638","1.02%"
"2015年8月30日","18.7235","19.0415","19.0556","18.6858","-1.73%"
"2015年8月23日","19.0522","19.0535","19.1052","18.1884","-0.25%"
"2015年8月16日","19.0997","19.4606","19.4867","19.0668","-1.80%"
"2015年8月9日","19.4491","19.9919","20.1152","19.2826","-2.78%"
"2015年8月2日","20.0050","19.9740","20.1418","19.9348","0.23%"
"2015年7月26日","19.9590","19.9258","20.0656","19.8072","0.09%"
"2015年7月19日","19.9402","19.9808","20.0511","19.9013","-0.21%"
"2015年7月12日","19.9815","19.6519","20.0101","19.6519","1.07%"
"2015年7月5日","19.7697","19.6668","19.7984","19.3900","-0.11%"
"2015年6月28日","19.7907","19.7641","19.9444","19.6638","-0.79%"
"2015年6月21日","19.9476","19.7786","20.0375","19.7352","0.97%"
"2015年6月14日","19.7560","19.8735","20.0423","19.7327","-0.59%"
"2015年6月7日","19.8742","20.2436","20.2581","19.7305","-1.86%"
"2015年5月31日","20.2510","20.0263","20.2897","19.9628","1.11%"
"2015年5月24日","20.0289","19.6077","20.0737","19.5810","2.12%"
"2015年5月17日","19.6122","19.2198","19.6170","19.2100","2.03%"
"2015年5月10日","19.2214","19.2724","19.3750","19.1711","-0.38%"
"2015年5月3日","19.2941","19.3727","19.4230","19.1830","-0.41%"
"2015年4月26日","19.3743","19.2144","19.3937","19.0964","0.85%"
"2015年4月19日","19.2112","19.1715","19.3906","19.1093","0.13%"
"2015年4月12日","19.1867","19.3605","19.4364","19.1286","-0.92%"
"2015年4月5日","19.3646","19.2048","19.4594","19.1790","0.81%"
"2015年3月29日","19.2096","19.1689","19.4168","19.1641","0.21%"
"2015年3月22日","19.1689","19.3492","19.3738","19.0515","-0.91%"
"2015年3月15日","19.3442","19.3921","19.5374","19.1679","-0.26%"
"2015年3月8日","19.3937","19.2934","19.4849","19.2583","0.51%"
"2015年3月1日","19.2958","19.0710","19.3676","19.0242","1.20%"
"2015年2月22日","19.0666","19.0281","19.1607","18.9507","0.20%"
"2015年2月15日","19.0293","19.0314","19.0932","18.9110","-0.01%"
"2015年2月8日","19.0303","19.0892","19.3046","18.9449","-0.13%"
"2015年2月1日","19.0551","18.7952","19.0967","18.6672","1.40%"
"2015年1月25日","18.7928","18.9090","18.9793","18.7672","-0.62%"
"2015年1月18日","18.9092","18.9521","19.1424","18.8071","-0.23%"
"2015年1月11日","18.9528","19.0916","19.2385","18.6988","-0.72%"
"2015年1月4日","19.0908","19.4108","19.4334","19.0029","-1.68%"
"2014年12月28日","19.4172","19.3766","19.4575","19.1671","0.19%"
"2014年12月21日","19.3798","19.1997","19.4359","19.1677","0.87%"
"2014年12月14日","19.2135","19.2407","19.2423","18.6720","0.06%"
"2014年12月7日","19.2019","19.7505","19.8155","19.0179","-2.74%"
"2014年11月30日","19.7432","19.3224","19.7872","19.1605","2.23%"
"2014年11月23日","19.3126","19.2289","19.3386","19.0994","0.41%"
"2014年11月16日","19.2346","18.9853","19.4240","18.8484","1.39%"
"2014年11月9日","18.9705","18.6983","19.0602","18.6091","1.41%"
"2014年11月2日","18.7073","18.3996","18.8887","18.3914","1.80%"
"2014年10月26日","18.3758","17.6793","18.4036","17.5920","3.93%"
"2014年10月19日","17.6817","17.4694","17.7082","17.3551","1.32%"
"2014年10月12日","17.4520","17.5506","17.5608","17.1682","-0.62%"
"2014年10月5日","17.5615","17.8800","17.8962","17.5395","-1.79%"
"2014年9月28日","17.8807","17.8193","17.9361","17.5955","0.25%"
"2014年9月21日","17.8363","17.7577","17.8771","17.6314","0.45%"
"2014年9月14日","17.7568","17.4898","17.8393","17.3829","1.49%"
"2014年9月7日","17.4965","17.1127","17.5130","17.0850","2.22%"
"2014年8月31日","17.1158","16.9374","17.2230","16.9374","1.03%"
"2014年8月24日","16.9411","16.9751","16.9800","16.8575","0.26%"
"2014年8月17日","16.8975","16.6300","16.9397","16.6219","1.48%"
"2014年8月10日","16.6514","16.5794","16.7115","16.5761","0.44%"
"2014年8月3日","16.5784","16.6009","16.6829","16.4873","-0.17%"
"2014年7月27日","16.6074","16.4354","16.7066","16.4322","0.97%"
"2014年7月20日","16.4479","16.3333","16.4668","16.2996","0.76%"
"2014年7月13日","16.3233","16.3439","16.4095","16.2956","-0.12%"
"2014年7月6日","16.3422","16.4487","16.4883","16.2918","-0.72%"
"2014年6月29日","16.4602","16.3120","16.4643","16.2879","0.97%"
"2014年6月22日","16.3022","16.4021","16.4102","16.2815","-0.59%"
"2014年6月15日","16.3989","16.4337","16.4433","16.3217","-0.24%"
"2014年6月8日","16.4378","16.3935","16.4627","16.3355","0.25%"
"2014年6月1日","16.3963","16.2972","16.4421","16.2828","0.65%"
"2014年5月25日","16.2911","16.3478","16.3639","16.2350","-0.36%"
"2014年5月18日","16.3503","16.2863","16.3568","16.1608","0.39%"
"2014年5月11日","16.2863","16.3429","16.4367","16.2606","-0.43%"
"2014年5月4日","16.3569","16.3206","16.3964","16.2632","0.19%"
"2014年4月27日","16.3252","16.3352","16.4594","16.2996","-0.08%"
"2014年4月20日","16.3377","16.4678","16.5032","16.3041","-0.71%"
"2014年4月13日","16.4542","16.3531","16.4969","16.3117","0.57%"
"2014年4月6日","16.3604","16.6276","16.6470","16.3089","-1.60%"
"2014年3月30日","16.6258","16.5522","16.7689","16.5112","0.44%"
"2014年3月23日","16.5529","16.4262","16.5786","16.3819","0.76%"
"2014年3月16日","16.4280","16.4798","16.5745","16.3455","-0.31%"
"2014年3月9日","16.4798","16.8110","16.8638","16.4538","-2.25%"
"2014年3月2日","16.8591","16.5287","16.9408","16.4540","1.76%"
"2014年2月23日","16.5670","16.8326","16.8567","16.4706","-1.57%"
"2014年2月16日","16.8310","16.7805","16.9377","16.7084","0.31%"
"2014年2月9日","16.7797","16.8726","16.9497","16.7536","-0.58%"
"2014年2月2日","16.8784","16.8328","16.9180","16.6216","0.26%"
"2014年1月26日","16.8348","16.9266","17.0979","16.8188","-0.45%"
"2014年1月19日","16.9115","17.2348","17.3253","16.8619","-1.91%"
"2014年1月12日","17.2415","17.2030","17.3467","17.0202","0.19%"
"2014年1月5日","17.2087","17.3290","17.3746","17.1592","-0.68%"
"2013年12月29日","17.3271","17.3314","17.4341","17.1993","-0.02%"
"2013年12月22日","17.3300","17.1461","17.3350","17.0943","1.10%"
"2013年12月15日","17.1420","16.9973","17.2342","16.8787","0.83%"
"2013年12月8日","17.0014","16.8849","17.1181","16.8348","0.47%"
"2013年12月1日","16.9212","16.8085","16.9677","16.6807","0.64%"
"2013年11月24日","16.8130","16.6237","16.8478","16.6008","1.16%"
"2013年11月17日","16.6197","16.4414","16.6364","16.3423","1.06%"
"2013年11月10日","16.4448","16.2817","16.4859","16.2341","1.09%"
"2013年11月3日","16.2670","16.1826","16.3220","16.0298","0.54%"
"2013年10月27日","16.1800","16.0371","16.2079","16.0025","1.05%"
"2013年10月20日","16.0125","16.0265","16.1655","15.9279","-0.11%"
"2013年10月13日","16.0306","16.0286","16.2357","16.0026","-0.47%"
"2013年10月6日","16.1055","15.9134","16.1164","15.7713","1.14%"
"2013年9月29日","15.9233","16.0013","16.1291","15.8352","-0.83%"
"2013年9月22日","16.0558","16.2058","16.2401","16.0280","-1.04%"
"2013年9月15日","16.2248","16.2556","16.2852","15.9716","-0.10%"
"2013年9月8日","16.2417","16.3121","16.4422","16.1834","0.29%"
"2013年9月1日","16.1940","16.0726","16.3779","16.0580","0.95%"
"2013年8月25日","16.0414","16.0434","16.1503","15.8192","-0.56%"
"2013年8月18日","16.1321","15.9482","16.1991","15.8203","1.15%"
"2013年8月11日","15.9493","15.7148","16.1398","15.6707","1.48%"
"2013年8月4日","15.7173","16.1353","16.1793","15.6503","-2.65%"
"2013年7月28日","16.1458","16.0017","16.3106","15.9228","0.74%"
"2013年7月21日","16.0275","16.4099","16.4116","15.9769","-2.26%"
"2013年7月14日","16.3982","16.1808","16.4241","16.1181","1.43%"
"2013年7月7日","16.1670","16.4995","16.5582","16.0199","-2.03%"
"2013年6月30日","16.5020","16.1741","16.5085","16.1594","2.17%"
"2013年6月23日","16.1521","15.9504","16.2058","15.7766","1.19%"
"2013年6月16日","15.9618","15.3482","16.0413","15.3450","4.01%"
"2013年6月9日","15.3462","15.8958","16.1889","15.2691","-3.50%"
"2013年6月2日","15.9036","16.3570","16.4330","15.4915","-2.91%"
"2013年5月26日","16.3796","16.5767","16.7518","16.3374","-0.85%"
"2013年5月19日","16.5194","16.7614","16.9228","16.4185","-1.71%"
"2013年5月12日","16.8060","16.5815","16.8255","16.4811","1.58%"
"2013年5月5日","16.5452","16.0919","16.6104","16.0240","2.84%"
"2013年4月28日","16.0883","15.9003","16.1273","15.7348","1.16%"
"2013年4月21日","15.9043","16.1457","16.1708","15.8208","-1.29%"
"2013年4月14日","16.1114","15.8727","16.1405","15.5640","1.40%"
"2013年4月7日","15.8893","15.8594","16.1351","15.8110","1.03%"
"2013年3月31日","15.7277","15.1779","15.7775","14.9222","3.67%"
"2013年3月24日","15.1703","15.2083","15.2928","15.0590","-0.29%"
"2013年3月17日","15.2144","15.2244","15.4778","15.1600","-0.79%"
"2013年3月10日","15.3360","15.4484","15.5579","15.2985","-0.80%"
"2013年3月3日","15.4601","15.0337","15.5357","14.9268","2.85%"
"2013年2月24日","15.0314","15.1645","15.1783","14.5843","0.32%"
"2013年2月17日","14.9829","15.0336","15.0920","14.8637","-0.15%"
"2013年2月10日","15.0060","14.8828","15.1472","14.7946","0.85%"
"2013年2月3日","14.8801","14.8982","15.0953","14.7537","-0.14%"
"2013年1月27日","14.9010","14.6334","14.9282","14.5072","1.94%"
"2013年1月20日","14.6170","14.5006","14.6604","14.1548","0.83%"
"2013年1月13日","14.4970","14.3615","14.5104","14.1177","1.01%"
"2013年1月6日","14.3523","14.1413","14.3893","13.9469","1.41%"
"2012年12月30日","14.1521","13.7608","14.1890","13.7528","2.49%"
"2012年12月23日","13.8083","13.5403","13.8941","13.5235","2.09%"
"2012年12月16日","13.5255","13.5085","13.5811","13.3994","1.12%"
"2012年12月9日","13.3758","13.2433","13.4618","13.1627","1.05%"
"2012年12月2日","13.2366","13.2313","13.2944","13.1212","-0.04%"
"2012年11月25日","13.2421","13.2154","13.2888","13.1144","0.10%"
"2012年11月18日","13.2292","13.0537","13.2983","13.0016","1.48%"
"2012年11月11日","13.0365","12.7278","13.0736","12.7134","2.43%"
"2012年11月4日","12.7274","12.8875","12.9031","12.6589","-1.26%"
"2012年10月28日","12.8895","12.7396","12.9264","12.6873","1.12%"
"2012年10月21日","12.7470","12.6729","12.8803","12.6617","0.51%"
"2012年10月14日","12.6819","12.5156","12.7168","12.4932","1.33%"
"2012年10月7日","12.5160","12.5123","12.5366","12.4072","-0.02%"
"2012年9月30日","12.5189","12.4043","12.5539","12.3739","0.97%"
"2012年9月23日","12.3987","12.3924","12.4306","12.2999","-0.02%"
"2012年9月16日","12.4007","12.4064","12.5575","12.3671","-0.10%"
"2012年9月9日","12.4135","12.3351","12.4151","12.1817","0.60%"
"2012年9月2日","12.3399","12.3382","12.4624","12.2972","-0.06%"
"2012年8月26日","12.3470","12.3757","12.4081","12.3145","-0.26%"
"2012年8月19日","12.3798","12.5122","12.5334","12.3289","-1.09%"
"2012年8月12日","12.5159","12.3019","12.5191","12.2794","1.69%"
"2012年8月5日","12.3075","12.3352","12.3963","12.2547","-0.06%"
"2012年7月29日","12.3155","12.2990","12.3673","12.2344","0.20%"
"2012年7月22日","12.2906","12.3000","12.3315","12.2010","-0.20%"
"2012年7月15日","12.3147","12.4242","12.4311","12.3031","-0.84%"
"2012年7月8日","12.4184","12.5155","12.5579","12.3946","-0.79%"
"2012年7月1日","12.5172","12.5726","12.6178","12.4872","-0.34%"
"2012年6月24日","12.5605","12.6402","12.6674","12.4460","-0.60%"
"2012年6月17日","12.6357","12.3934","12.6608","12.3934","2.18%"
"2012年6月10日","12.3657","12.4870","12.5245","12.3464","-0.90%"
"2012年6月3日","12.4784","12.2559","12.5414","12.2426","1.88%"
"2012年5月27日","12.2482","12.5560","12.5609","12.1900","-2.48%"
"2012年5月20日","12.5596","12.5101","12.6792","12.4959","0.58%"
"2012年5月13日","12.4877","12.6690","12.7431","12.4785","-1.45%"
"2012年5月6日","12.6715","12.6457","12.7004","12.5840","0.07%"
"2012年4月29日","12.6625","12.7185","12.7919","12.6163","-0.46%"
"2012年4月22日","12.7212","12.9264","12.9581","12.7090","-1.60%"
"2012年4月15日","12.9276","12.8289","12.9674","12.7143","0.69%"
"2012年4月8日","12.8389","12.9240","12.9803","12.7677","-0.81%"
"2012年4月1日","12.9440","13.1762","13.2281","12.8844","-1.56%"
"2012年3月25日","13.1494","13.0635","13.2238","12.9747","0.70%"
"2012年3月18日","13.0579","13.1854","13.3091","12.9940","-1.06%"
"2012年3月11日","13.1978","13.0623","13.2997","12.9565","1.01%"
"2012年3月4日","13.0659","12.9810","13.1002","12.7673","0.62%"
"2012年2月26日","12.9854","12.9057","12.9966","12.7003","0.96%"
"2012年2月19日","12.8617","12.6413","12.8727","12.5897","1.89%"
"2012年2月12日","12.6229","12.3079","12.6276","12.2815","2.41%"
"2012年2月5日","12.3264","12.1524","12.3533","12.1151","1.45%"
"2012年1月29日","12.1497","12.1010","12.1799","12.0256","0.38%"
"2012年1月22日","12.1037","12.1452","12.3594","12.0947","-0.37%"
"2012年1月15日","12.1487","12.2257","12.2415","12.1215","-0.40%"
"2012年1月8日","12.1971","12.1856","12.2097","12.1297","-0.04%"
"2012年1月1日","12.2025","12.2228","12.2579","12.1537","-0.20%"
"2011年12月25日","12.2268","12.3144","12.3513","12.2148","-0.75%"
"2011年12月18日","12.3192","12.2478","12.3423","12.2350","0.54%"
"2011年12月11日","12.2535","12.2017","12.3008","12.1860","0.57%"
"2011年12月4日","12.1842","12.2622","12.2824","12.1207","-0.69%"
"2011年11月27日","12.2691","12.1512","12.2785","12.1182","0.71%"
"2011年11月20日","12.1820","12.0902","12.2039","12.0598","0.66%"
"2011年11月13日","12.1019","12.1705","12.1901","12.0415","-0.47%"
"2011年11月6日","12.1594","12.3258","12.3288","12.1452","-1.45%"
"2011年10月30日","12.3379","11.9063","12.5147","11.8780","3.47%"
"2011年10月23日","11.9237","11.9274","12.0188","11.8921","-0.23%"
"2011年10月16日","11.9506","12.0846","12.1636","11.8757","-1.28%"
"2011年10月9日","12.1061","12.0398","12.1901","11.9857","0.58%"
"2011年10月2日","12.0361","12.0786","12.1145","11.9944","-0.32%"
"2011年9月25日","12.0749","11.9737","12.0984","11.9122","0.68%"
"2011年9月18日","11.9928","12.0534","12.0686","11.9013","-0.32%"
"2011年9月11日","12.0312","12.1359","12.1514","11.9687","-0.93%"
"2011年9月4日","12.1441","12.0332","12.1908","11.9992","0.93%"
"2011年8月28日","12.0320","12.0088","12.1179","11.9783","0.29%"
"2011年8月21日","11.9975","12.0103","12.1622","11.9406","0.18%"
"2011年8月14日","11.9761","12.0288","12.0691","11.8789","-0.22%"
"2011年8月7日","12.0028","12.1266","12.1781","11.8926","-1.40%"
"2011年7月31日","12.1727","12.0208","12.4660","11.8570","2.08%"
"2011年7月24日","11.9241","12.1367","12.2038","11.9167","-2.11%"
"2011年7月17日","12.1809","12.2312","12.2766","12.1153","-0.52%"
"2011年7月10日","12.2447","12.4515","12.5045","12.1344","-1.84%"
"2011年7月3日","12.4743","12.4938","12.6073","12.4486","-0.23%"
"2011年6月26日","12.5034","12.4135","12.5617","12.4074","0.66%"
"2011年6月19日","12.4216","12.3733","12.4957","12.3559","0.41%"
"2011年6月12日","12.3713","12.3970","12.5097","12.3485","-0.20%"
"2011年6月5日","12.3959","12.3750","12.4241","12.3025","0.05%"
"2011年5月29日","12.3903","12.4361","12.6253","12.3505","-0.43%"
"2011年5月22日","12.4434","12.5940","12.6590","12.4253","-1.12%"
"2011年5月15日","12.5843","12.4448","12.6462","12.3938","1.22%"
"2011年5月8日","12.4330","12.4224","12.5257","12.3400","0.12%"
"2011年5月1日","12.4175","12.4938","12.5891","12.2505","-0.77%"
"2011年4月24日","12.5143","12.5745","12.7155","12.4435","-0.50%"
"2011年4月17日","12.5777","12.7296","12.7507","12.5186","-1.16%"
"2011年4月10日","12.7253","12.9858","13.0371","12.6983","-1.84%"
"2011年4月3日","12.9634","12.8453","13.0744","12.8136","0.98%"
"2011年3月27日","12.8379","12.4028","12.9418","12.4028","3.51%"
"2011年3月20日","12.4025","12.2955","12.4300","12.2863","1.08%"
"2011年3月13日","12.2705","12.4430","12.5413","11.7411","-1.52%"
"2011年3月6日","12.4595","12.5274","12.6725","12.4171","-0.55%"
"2011年2月27日","12.5284","12.4169","12.6410","12.4061","0.85%"
"2011年2月20日","12.4230","12.6394","12.7182","12.4069","-1.71%"
"2011年2月13日","12.6386","12.6729","12.7451","12.5957","-0.15%"
"2011年2月6日","12.6573","12.5286","12.6955","12.4630","1.01%"
"2011年1月30日","12.5303","12.4546","12.5760","12.3202","0.43%"
"2011年1月23日","12.4763","12.5319","12.6426","12.4506","-0.53%"
"2011年1月16日","12.5434","12.5643","12.6662","12.4294","-0.41%"
"2011年1月9日","12.5947","12.5526","12.6440","12.4507","0.51%"
"2011年1月2日","12.5312","12.3164","12.6526","12.2800","1.69%"
"2010年12月26日","12.3229","12.5077","12.5243","12.2717","-1.47%"
"2010年12月19日","12.5063","12.6177","12.6359","12.4571","-0.82%"
"2010年12月12日","12.6091","12.6136","12.7027","12.4414","-0.01%"
"2010年12月5日","12.6104","12.3968","12.6539","12.3764","1.68%"
"2010年11月28日","12.4023","12.5973","12.6747","12.3818","-1.68%"
"2010年11月21日","12.6136","12.5717","12.6256","12.4541","0.35%"
"2010年11月14日","12.5699","12.4207","12.6320","12.4068","1.11%"
"2010年11月7日","12.4318","12.2046","12.4805","12.0721","1.81%"
"2010年10月31日","12.2105","12.0360","12.2421","11.9940","1.32%"
"2010年10月24日","12.0518","12.2260","12.2663","12.0480","-1.37%"
"2010年10月17日","12.2196","12.2551","12.3328","12.1487","-0.38%"
"2010年10月10日","12.2657","12.2479","12.3478","12.1574","-0.11%"
"2010年10月3日","12.2789","12.4400","12.5398","12.2449","-1.28%"
"2010年9月26日","12.4387","12.5781","12.6116","12.4201","-0.97%"
"2010年9月19日","12.5604","12.7476","12.7832","12.5423","-1.63%"
"2010年9月12日","12.7683","12.4337","12.7802","12.2786","2.69%"
"2010年9月5日","12.4335","12.4046","12.4659","12.2564","0.30%"
"2010年8月29日","12.3959","12.5519","12.6361","12.2835","-1.11%"
"2010年8月22日","12.5354","12.6009","12.6197","12.2949","-0.58%"
"2010年8月15日","12.6082","12.6796","12.6928","12.5004","-0.59%"
"2010年8月8日","12.6830","12.6171","12.7403","12.5028","0.39%"
"2010年8月1日","12.6339","12.7537","12.8277","12.5580","-1.03%"
"2010年7月25日","12.7650","12.9019","12.9997","12.6843","-1.04%"
"2010年7月18日","12.8998","12.7769","12.9241","12.7306","0.91%"
"2010年7月11日","12.7841","13.0874","13.1681","12.7312","-2.29%"
"2010年7月4日","13.0831","12.9498","13.1010","12.8351","0.94%"
"2010年6月27日","12.9608","13.1484","13.1745","12.8207","-1.34%"
"2010年6月20日","13.1364","13.2343","13.4626","13.1197","-1.12%"
"2010年6月13日","13.2851","13.4314","13.4830","13.2454","-0.96%"
"2010年6月6日","13.4136","13.4445","13.4780","13.2950","-0.35%"
"2010年5月30日","13.4601","13.3231","13.6036","13.2527","0.96%"
"2010年5月23日","13.3324","13.2121","13.3834","13.0630","1.09%"
"2010年5月16日","13.1881","13.5193","13.6198","13.0316","-2.65%"
"2010年5月9日","13.5473","13.5277","13.7171","13.4427","0.96%"
"2010年5月2日","13.4184","13.7583","13.9194","12.8908","-2.40%"
"2010年4月25日","13.7483","13.7756","13.8641","13.5955","-0.07%"
"2010年4月18日","13.7576","13.4682","13.8176","13.4154","1.87%"
"2010年4月11日","13.5045","13.6579","13.7327","13.4609","-1.11%"
"2010年4月4日","13.6560","13.8799","13.8881","13.5999","-1.48%"
"2010年3月28日","13.8611","13.5299","13.8772","13.4913","2.30%"
"2010年3月21日","13.5492","13.2614","13.6192","13.1557","2.16%"
"2010年3月14日","13.2630","13.2832","13.3042","13.1442","0.06%"
"2010年3月7日","13.2544","13.2474","13.3453","13.1255","0.17%"
"2010年2月28日","13.2316","13.0129","13.2710","12.9050","1.64%"
"2010年2月21日","13.0185","13.3956","13.4612","12.9968","-2.94%"
"2010年2月14日","13.4132","13.1853","13.4939","13.1239","1.80%"
"2010年2月7日","13.1758","13.1064","13.2344","13.0493","0.70%"
"2010年1月31日","13.0848","13.1524","13.3704","12.9653","-1.04%"
"2010年1月24日","13.2228","13.2282","13.3209","13.0535","0.45%"
"2010年1月17日","13.1638","13.2928","13.4601","13.1461","-0.98%"
"2010年1月10日","13.2943","13.5536","13.5769","13.2664","-2.02%"
"2010年1月3日","13.5686","13.6275","13.7348","13.3625","-0.42%"
"2009年12月27日","13.6260","13.4082","13.6466","13.3804","2.01%"
"2009年12月20日","13.3572","13.2292","13.4567","13.2111","0.94%"
"2009年12月13日","13.2322","13.0267","13.3171","12.9300","1.45%"
"2009年12月6日","13.0427","13.2194","13.2413","12.7896","-1.52%"
"2009年11月29日","13.2445","12.6884","13.2973","12.5718","4.57%"
"2009年11月22日","12.6662","13.0053","13.0602","12.4200","-2.74%"
"2009年11月15日","13.0224","13.1149","13.1413","12.9778","-0.93%"
"2009年11月8日","13.1441","13.1779","13.2770","13.0730","-0.21%"
"2009年11月1日","13.1713","13.1330","13.3804","13.0583","-0.19%"
"2009年10月25日","13.1966","13.4881","13.5261","13.1652","-2.12%"
"2009年10月18日","13.4825","13.3311","13.4941","13.1903","1.27%"
"2009年10月11日","13.3138","13.1474","13.3786","13.0094","1.21%"
"2009年10月4日","13.1543","13.0951","13.1835","12.8871","-0.01%"
"2009年9月27日","13.1554","13.1194","13.2417","12.9173","0.20%"
"2009年9月20日","13.1289","13.3925","13.5545","13.1033","-1.80%"
"2009年9月13日","13.3697","13.2391","13.4229","13.1995","0.63%"
"2009年9月6日","13.2855","13.6099","13.6669","13.2069","-2.45%"
"2009年8月30日","13.6190","13.6804","13.7027","13.4533","-0.61%"
"2009年8月23日","13.7026","13.8127","13.9193","13.6402","-0.82%"
"2009年8月16日","13.8157","13.8704","13.9429","13.6722","-0.54%"
"2009年8月9日","13.8908","14.2974","14.3075","13.8119","-2.74%"
"2009年8月2日","14.2817","13.8623","14.3154","13.8083","3.06%"
"2009年7月26日","13.8582","13.8652","14.0378","13.7556","-0.13%"
"2009年7月19日","13.8764","13.8000","13.9533","13.6249","0.64%"
"2009年7月12日","13.7878","13.5228","13.8300","13.4233","1.85%"
"2009年7月5日","13.5378","13.9511","13.9692","13.4277","-3.69%"
"2009年6月28日","14.0564","13.9347","14.1963","13.9201","0.84%"
"2009年6月21日","13.9387","14.0728","14.1331","13.8788","-1.02%"
"2009年6月14日","14.0822","14.3925","14.4195","13.9656","-2.18%"
"2009年6月7日","14.3965","14.4222","14.4672","14.1994","-0.29%"
"2009年5月31日","14.4386","13.9573","14.4737","13.8310","3.43%"
"2009年5月24日","13.9596","13.8898","14.2438","13.8331","0.49%"
"2009年5月17日","13.8909","13.9164","14.1699","13.7506","-0.43%"
"2009年5月10日","13.9502","14.4660","14.4896","13.8739","-3.47%"
"2009年5月3日","14.4523","14.5535","14.6192","14.3489","-0.57%"
"2009年4月26日","14.5355","14.1798","14.6088","14.0010","2.11%"
"2009年4月19日","14.2350","14.5126","14.5545","14.1520","-1.90%"
"2009年4月12日","14.5106","14.6896","14.7437","14.3646","-1.09%"
"2009年4月5日","14.6700","14.6709","14.8474","14.5275","-0.06%"
"2009年3月29日","14.6785","14.3443","14.6889","14.0310","2.46%"
"2009年3月22日","14.3263","14.0089","14.4735","13.9738","1.97%"
"2009年3月15日","14.0500","14.3384","14.4841","13.7026","-1.93%"
"2009年3月8日","14.3270","14.3791","14.5008","13.9858","-0.42%"
"2009年3月1日","14.3874","14.2857","14.5764","14.1145","0.88%"
"2009年2月22日","14.2618","13.6698","14.4383","13.5668","4.68%"
"2009年2月15日","13.6248","13.4104","13.8223","13.3622","1.27%"
"2009年2月8日","13.4545","13.4265","13.5262","13.1217","-0.05%"
"2009年2月1日","13.4613","13.1680","13.4964","12.9453","2.25%"
"2009年1月25日","13.1654","12.9748","13.2689","12.9002","1.36%"
"2009年1月18日","12.9882","13.3023","13.3565","12.7350","-2.12%"
"2009年1月11日","13.2697","13.1875","13.2989","12.9401","0.42%"
"2009年1月4日","13.2141","13.4814","13.8455","13.1846","-2.25%"
"2008年12月28日","13.5183","13.2551","13.5460","13.1075","1.98%"
"2008年12月21日","13.2553","13.0168","13.3131","13.0153","1.56%"
"2008年12月14日","13.0513","13.3436","13.3547","12.7438","-2.00%"
"2008年12月7日","13.3175","13.5022","13.6628","12.9073","-1.43%"
"2008年11月30日","13.5101","13.9839","14.0022","13.3161","-3.47%"
"2008年11月23日","13.9960","14.0268","14.2768","13.8494","-0.29%"
"2008年11月16日","14.0373","14.0527","14.2925","13.6854","-1.10%"
"2008年11月9日","14.1941","14.5404","14.5752","13.8287","-1.60%"
"2008年11月2日","14.4250","14.4196","14.7121","14.1656","0.20%"
"2008年10月26日","14.3965","13.5383","14.5818","13.4229","4.49%"
"2008年10月19日","13.7783","14.8764","14.9999","13.2798","-7.39%"
"2008年10月12日","14.8775","14.7685","15.1121","14.5268","1.01%"
"2008年10月5日","14.7286","15.3364","15.3638","14.3382","-4.27%"
"2008年9月28日","15.3862","15.5161","15.6286","15.1144","-0.64%"
"2008年9月21日","15.4848","15.6272","15.6963","15.3364","-1.50%"
"2008年9月14日","15.7205","15.4841","15.8142","15.1125","-0.42%"
"2008年9月7日","15.7872","15.9255","15.9477","15.4871","0.23%"
"2008年8月31日","15.7512","15.8164","15.9812","15.4198","-0.86%"
"2008年8月24日","15.8884","16.0931","16.1453","15.8499","-1.32%"
"2008年8月17日","16.1005","16.0833","16.1181","15.7962","0.10%"
"2008年8月10日","16.0851","16.0907","16.1103","15.7891","0.11%"
"2008年8月3日","16.0671","15.7329","16.0962","15.6889","2.09%"
"2008年7月27日","15.7377","15.8109","15.8704","15.6740","-0.51%"
"2008年7月20日","15.8191","15.6875","15.8322","15.5419","0.81%"
"2008年7月13日","15.6913","15.5246","15.7024","15.2327","0.94%"
"2008年7月6日","15.5447","15.5660","15.7039","15.4559","-0.20%"
"2008年6月29日","15.5758","15.4722","15.6103","15.3105","0.70%"
"2008年6月22日","15.4669","15.5786","15.7948","15.4241","-0.83%"
"2008年6月15日","15.5964","15.6515","15.7589","15.5655","-0.48%"
"2008年6月8日","15.6715","15.0896","15.7049","15.0838","3.40%"
"2008年6月1日","15.1556","15.1605","15.3622","14.9955","-0.29%"
"2008年5月25日","15.1991","14.8819","15.2675","14.8456","2.11%"
"2008年5月18日","14.8849","14.8606","15.0340","14.7589","0.03%"
"2008年5月11日","14.8803","14.7367","15.0646","14.6752","1.09%"
"2008年5月4日","14.7192","15.0572","15.1170","14.6809","-2.39%"
"2008年4月27日","15.0798","14.8934","15.1256","14.7753","1.23%"
"2008年4月20日","14.8965","14.8335","14.9604","14.6853","0.49%"
"2008年4月13日","14.8237","14.4555","14.9653","14.3276","2.86%"
"2008年4月6日","14.4116","14.4929","14.6912","14.3027","-0.37%"
"2008年3月30日","14.4645","14.1062","14.6769","14.0891","2.29%"
"2008年3月23日","14.1408","14.0804","14.3229","14.0250","0.13%"
"2008年3月16日","14.1224","13.9049","14.2093","13.5098","1.06%"
"2008年3月9日","13.9741","14.4127","14.5873","13.9430","-3.30%"
"2008年3月2日","14.4515","14.5621","14.6512","14.2594","-1.05%"
"2008年2月24日","14.6044","15.0281","15.1298","14.5902","-2.72%"
"2008年2月17日","15.0129","15.0167","15.1714","14.9399","-0.01%"
"2008年2月10日","15.0146","14.9240","15.1077","14.7800","0.59%"
"2008年2月3日","14.9271","14.8250","15.0021","14.7251","0.58%"
"2008年1月27日","14.8406","14.7968","14.9465","14.7147","0.27%"
"2008年1月20日","14.8011","14.7339","14.9682","14.5107","0.40%"
"2008年1月13日","14.7419","14.9584","15.0083","14.6346","-1.77%"
"2008年1月6日","15.0072","14.9130","15.1632","14.9130","0.61%"
"2007年12月30日","14.9168","15.3999","15.4283","14.8292","-3.23%"
"2007年12月23日","15.4153","15.4877","15.6693","15.3944","-0.58%"
"2007年12月16日","15.5051","15.3910","15.5079","15.2723","0.77%"
"2007年12月9日","15.3860","15.0537","15.4131","14.9655","1.99%"
"2007年12月2日","15.0851","15.0051","15.1013","14.8047","0.37%"
"2007年11月25日","15.0290","14.4723","15.0345","14.4642","2.65%"
"2007年11月18日","14.6413","14.9313","14.9621","14.5330","-2.02%"
"2007年11月11日","14.9424","14.8712","15.0552","14.7177","-0.06%"
"2007年11月4日","14.9518","15.3896","15.4149","14.9035","-2.94%"
"2007年10月28日","15.4047","15.2280","15.5392","15.2213","1.03%"
"2007年10月21日","15.2484","15.1775","15.3315","15.0802","-0.04%"
"2007年10月14日","15.2539","15.6350","15.6728","15.2401","-2.59%"
"2007年10月7日","15.6594","15.5977","15.6954","15.5344","0.47%"
"2007年9月30日","15.5856","15.2847","15.6255","15.2781","1.89%"
"2007年9月23日","15.2971","15.3755","15.4249","15.1720","-0.62%"
"2007年9月16日","15.3925","15.3322","15.4831","15.1653","0.28%"
"2007年9月9日","15.3499","14.9678","15.3798","14.9320","2.05%"
"2007年9月2日","15.0411","15.3343","15.4298","15.0023","-1.97%"
"2007年8月26日","15.3439","15.3848","15.4566","15.0666","-0.30%"
"2007年8月19日","15.3898","15.0563","15.4463","14.9628","2.20%"
"2007年8月12日","15.0579","15.6122","15.6455","14.6806","-3.67%"
"2007年8月5日","15.6311","15.4920","15.8331","15.4709","0.17%"
"2007年7月29日","15.6047","15.6365","15.7828","15.5294","-0.54%"
"2007年7月22日","15.6891","16.0576","16.0711","15.6154","-2.07%"
"2007年7月15日","16.0211","16.0967","16.1909","15.9598","-0.53%"
"2007年7月8日","16.1070","16.2341","16.2832","15.9546","-0.73%"
"2007年7月1日","16.2262","16.1502","16.2577","16.0502","0.30%"
"2007年6月24日","16.1778","16.2258","16.2756","16.0412","-0.40%"
"2007年6月17日","16.2426","16.1917","16.2900","16.1569","0.33%"
"2007年6月10日","16.1888","15.8997","16.2189","15.8261","1.81%"
"2007年6月3日","15.9008","15.9605","15.9706","15.7604","-0.39%"
"2007年5月27日","15.9634","15.9131","15.9751","15.8393","0.32%"
"2007年5月20日","15.9129","15.7893","15.9285","15.7802","0.75%"
"2007年5月13日","15.7945","15.6543","15.8341","15.6187","0.82%"
"2007年5月6日","15.6665","15.5853","15.6679","15.5265","0.44%"
"2007年4月29日","15.5980","15.4336","15.6382","15.4297","0.70%"
"2007年4月22日","15.4903","15.3778","15.5110","15.2948","0.73%"
"2007年4月15日","15.3785","15.4632","15.5144","15.2352","-0.43%"
"2007年4月8日","15.4448","15.4406","15.4849","15.3049","-0.03%"
"2007年4月1日","15.4494","15.1983","15.4650","15.1879","1.40%"
"2007年3月25日","15.2364","15.2438","15.3153","15.0531","-0.23%"
"2007年3月18日","15.2719","15.0339","15.3126","15.0236","1.24%"
"2007年3月11日","15.0846","15.2782","15.2984","14.9477","-1.22%"
"2007年3月4日","15.2705","15.0630","15.2873","14.8636","1.22%"
"2007年2月25日","15.0871","15.6104","15.6228","15.0294","-3.36%"
"2007年2月18日","15.6119","15.4040","15.6958","15.3795","1.35%"
"2007年2月11日","15.4041","15.7121","15.7522","15.3498","-1.89%"
"2007年2月4日","15.7003","15.6088","15.7106","15.4619","0.57%"
"2007年1月28日","15.6111","15.6133","15.7129","15.4775","-0.12%"
"2007年1月21日","15.6301","15.5876","15.6702","15.4639","0.27%"
"2007年1月14日","15.5874","15.4380","15.6483","15.3927","1.03%"
"2007年1月7日","15.4278","15.1895","15.4895","15.1064","1.57%"
"2006年12月31日","15.1889","15.2449","15.3118","15.1037","-0.39%"
"2006年12月24日","15.2488","15.1861","15.2668","15.0877","0.36%"
"2006年12月17日","15.1942","15.0664","15.2222","15.0327","0.69%"
"2006年12月10日","15.0903","14.8780","15.1171","14.8404","1.49%"
"2006年12月3日","14.8694","14.7351","14.8897","14.6192","0.86%"
"2006年11月26日","14.7430","14.7047","14.8698","14.6764","-0.01%"
"2006年11月19日","14.7446","14.9691","15.0226","14.7124","-1.36%"
"2006年11月12日","14.9486","14.9362","15.0503","14.8894","-0.03%"
"2006年11月5日","14.9527","14.9973","15.0762","14.8863","-0.27%"
"2006年10月29日","14.9933","14.8851","15.0174","14.7941","0.59%"
"2006年10月22日","14.9057","15.0178","15.1407","14.8433","-0.75%"
"2006年10月15日","15.0186","15.1386","15.1583","14.9235","-0.80%"
"2006年10月8日","15.1395","15.0396","15.1750","15.0166","0.58%"
"2006年10月1日","15.0519","14.9347","15.0633","14.8386","0.71%"
"2006年9月24日","14.9457","14.7079","14.9482","14.6576","1.50%"
"2006年9月17日","14.7247","14.7872","14.8849","14.6578","-0.53%"
"2006年9月10日","14.8027","14.7073","14.8681","14.6602","0.61%"
"2006年9月3日","14.7131","14.7082","14.7292","14.5512","-0.07%"
"2006年8月27日","14.7236","14.7019","14.7727","14.6293","0.10%"
"2006年8月20日","14.7086","14.5092","14.7198","14.4746","1.29%"
"2006年8月13日","14.5207","14.5813","14.6239","14.4311","-0.41%"
"2006年8月6日","14.5801","14.3113","14.5964","14.3051","1.64%"
"2006年7月30日","14.3445","14.3803","14.4835","14.2825","-0.27%"
"2006年7月23日","14.3834","14.5417","14.6948","14.3741","-1.15%"
"2006年7月16日","14.5500","14.5459","14.7297","14.5016","0.22%"
"2006年7月9日","14.5184","14.2589","14.5534","14.1813","1.64%"
"2006年7月2日","14.2841","14.2986","14.4852","14.2444","-0.24%"
"2006年6月25日","14.3184","14.5592","14.5896","14.2786","-1.70%"
"2006年6月18日","14.5666","14.4040","14.5754","14.2820","1.14%"
"2006年6月11日","14.4018","14.2365","14.4233","14.2130","1.22%"
"2006年6月4日","14.2276","13.9119","14.3073","13.8957","2.16%"
"2006年5月28日","13.9262","14.0305","14.1360","13.8683","-0.80%"
"2006年5月21日","14.0387","13.9308","14.0873","13.8326","0.81%"
"2006年5月14日","13.9264","13.6842","13.9950","13.6106","1.34%"
"2006年5月7日","13.7426","13.9626","13.9985","13.6468","-2.17%"
"2006年4月30日","14.0475","14.1685","14.2483","14.0000","-1.10%"
"2006年4月23日","14.2041","14.4248","14.4655","14.1759","-2.34%"
"2006年4月16日","14.5441","14.7836","14.7931","14.5296","-1.77%"
"2006年4月9日","14.8064","14.7410","14.8439","14.7002","0.27%"
"2006年4月2日","14.7661","14.6792","14.8148","14.5469","0.62%"
"2006年3月26日","14.6754","14.6320","14.7365","14.4876","0.30%"
"2006年3月19日","14.6309","14.4329","14.7580","14.3752","1.44%"
"2006年3月12日","14.4231","14.7671","14.8080","14.3968","-2.36%"
"2006年3月5日","14.7724","14.4670","14.7997","14.4309","1.99%"
"2006年2月26日","14.4840","14.5162","14.5666","14.3518","-0.32%"
"2006年2月19日","14.5306","14.6718","14.7920","14.4605","-1.02%"
"2006年2月12日","14.6807","14.6262","14.7714","14.4880","0.23%"
"2006年2月5日","14.6464","14.7386","14.7951","14.5119","-0.63%"
"2006年1月29日","14.7391","14.5402","14.8098","14.4695","1.35%"
"2006年1月22日","14.5424","14.2940","14.5697","14.1472","1.65%"
"2006年1月15日","14.3063","14.1455","14.3750","14.0947","1.06%"
"2006年1月8日","14.1558","14.1956","14.2421","14.0557","-0.22%"
"2006年1月1日","14.1869","14.6057","14.6318","14.1547","-2.87%"
"2005年12月25日","14.6062","14.3924","14.6454","14.3607","1.49%"
"2005年12月18日","14.3916","14.3110","14.5722","14.3023","0.42%"
"2005年12月11日","14.3313","14.9455","14.9944","14.3137","-4.08%"
"2005年12月4日","14.9412","14.9828","15.0277","14.8453","0.13%"
"2005年11月27日","14.9216","14.8056","15.0084","14.6342","0.80%"
"2005年11月20日","14.8025","14.7159","14.8198","14.6114","0.45%"
"2005年11月13日","14.7356","14.5874","14.8235","14.5536","1.07%"
"2005年11月6日","14.5800","14.6192","14.6439","14.4417","-0.31%"
"2005年10月30日","14.6254","14.2825","14.6390","14.2617","2.20%"
"2005年10月23日","14.3110","14.2959","14.3715","14.1321","-0.11%"
"2005年10月16日","14.3269","14.0795","14.3396","14.0321","1.55%"
"2005年10月9日","14.1080","14.0278","14.2358","14.0058","0.29%"
"2005年10月2日","14.0667","13.9943","14.1407","13.9363","0.25%"
"2005年9月25日","14.0320","13.8704","14.0506","13.8223","0.80%"
"2005年9月18日","13.9206","13.7522","13.9218","13.6875","1.12%"
"2005年9月11日","13.7668","13.4600","13.7829","13.4538","1.49%"
"2005年9月4日","13.5648","13.5356","13.6832","13.4074","-0.14%"
"2005年8月28日","13.5844","13.5725","13.7935","13.4581","-0.12%"
"2005年8月21日","13.6003","13.5970","13.6640","13.4677","-0.24%"
"2005年8月14日","13.6334","13.5046","13.6845","13.4360","0.94%"
"2005年8月7日","13.5058","13.8369","13.8986","13.4641","-2.19%"
"2005年7月31日","13.8079","13.8312","13.8960","13.6785","-0.59%"
"2005年7月24日","13.8892","13.6974","13.9015","13.6863","1.15%"
"2005年7月17日","13.7318","13.5635","13.7461","13.2724","1.28%"
"2005年7月10日","13.5589","13.5587","13.5841","13.3775","-0.03%"
"2005年7月3日","13.5631","13.4923","13.6076","13.4451","0.45%"
"2005年6月26日","13.5021","13.1926","13.5188","13.1842","2.47%"
"2005年6月19日","13.1765","13.1552","13.2453","13.0645","0.49%"
"2005年6月12日","13.1124","13.1165","13.2584","13.0972","-0.13%"
"2005年6月5日","13.1293","13.0126","13.1340","12.8640","0.96%"
"2005年5月29日","13.0043","13.0464","13.1587","12.9812","-0.36%"
"2005年5月22日","13.0514","13.0670","13.0911","12.9522","-0.13%"
"2005年5月15日","13.0683","12.9655","13.0876","12.8712","0.78%"
"2005年5月8日","12.9669","12.6972","12.9837","12.6731","2.15%"
"2005年5月1日","12.6937","12.6900","12.7431","12.5837","0.37%"
"2005年4月24日","12.6472","12.7444","12.8549","12.6344","-1.26%"
"2005年4月17日","12.8092","13.0078","13.0592","12.7746","-1.68%"
"2005年4月10日","13.0279","13.0815","13.1171","12.9413","-0.36%"
"2005年4月3日","13.0750","13.0005","13.1594","12.9945","0.57%"
"2005年3月27日","13.0013","12.8459","13.0266","12.8434","1.13%"
"2005年3月20日","12.8563","12.6574","12.8779","12.6429","1.59%"
"2005年3月13日","12.6557","12.5426","12.7111","12.5257","0.72%"
"2005年3月6日","12.5657","12.6550","12.7335","12.5196","-0.70%"
"2005年2月27日","12.6545","12.7142","12.7595","12.5752","-0.47%"
"2005年2月20日","12.7143","12.7685","12.7854","12.5402","-0.38%"
"2005年2月13日","12.7632","12.7432","12.7957","12.5970","-0.07%"
"2005年2月6日","12.7717","12.6115","12.9141","12.5692","1.54%"
"2005年1月30日","12.5778","12.5124","12.6549","12.4822","0.72%"
"2005年1月23日","12.4884","12.4157","12.6090","12.3662","0.63%"
"2005年1月16日","12.4105","12.3203","12.5578","12.2816","0.67%"
"2005年1月9日","12.3283","12.6610","12.6688","12.2949","-2.63%"
"2005年1月2日","12.6618","12.4073","12.7111","12.3638","2.27%"
"2004年12月26日","12.3802","12.5269","12.6012","12.3589","-1.18%"
"2004年12月19日","12.5276","12.5595","12.6519","12.4955","-0.47%"
"2004年12月12日","12.5869","12.7299","12.7836","12.4955","-0.93%"
"2004年12月5日","12.7052","12.3432","12.8319","12.3094","3.01%"
"2004年11月28日","12.3337","12.4085","12.5196","12.3009","-0.46%"
"2004年11月21日","12.3911","12.4810","12.5323","12.3384","-0.51%"
"2004年11月14日","12.4551","12.7539","12.7715","12.4049","-2.35%"
"2004年11月7日","12.7548","12.7309","12.9659","12.7140","-0.04%"
"2004年10月31日","12.7602","12.7950","12.9195","12.7442","-0.17%"
"2004年10月24日","12.7820","12.9653","12.9750","12.7708","-1.32%"
"2004年10月17日","12.9530","13.1900","13.2427","12.9460","-1.97%"
"2004年10月10日","13.2127","13.2275","13.3175","13.1429","-0.15%"
"2004年10月3日","13.2328","13.3689","13.4697","13.2045","-0.92%"
"2004年9月26日","13.3551","13.3518","13.5023","13.2637","-0.24%"
"2004年9月19日","13.3878","13.2769","13.4032","13.2358","1.10%"
"2004年9月12日","13.2420","13.2334","13.3397","13.2032","-0.01%"
"2004年9月5日","13.2427","13.3556","13.3646","13.1705","-0.75%"
"2004年8月29日","13.3429","13.2430","13.3767","13.1345","0.77%"
"2004年8月22日","13.2414","13.1850","13.3513","13.1693","0.42%"
"2004年8月15日","13.1858","13.3323","13.4138","13.1621","-1.43%"
"2004年8月8日","13.3765","13.3320","13.5443","13.3018","0.13%"
"2004年8月1日","13.3595","13.4155","13.5198","13.2655","-0.79%"
"2004年7月25日","13.4664","13.3095","13.5931","13.2177","1.16%"
"2004年7月18日","13.3117","13.1438","13.3320","13.0568","1.33%"
"2004年7月11日","13.1371","13.0629","13.2949","12.9916","0.49%"
"2004年7月4日","13.0731","13.0931","13.2568","13.0385","-0.08%"
"2004年6月27日","13.0833","12.9907","13.2426","12.9762","0.61%"
"2004年6月20日","13.0046","13.1272","13.2208","12.9266","-1.02%"
"2004年6月13日","13.1389","13.3362","13.4673","13.1115","-1.29%"
"2004年6月6日","13.3102","13.3965","13.4140","13.1258","-1.01%"
"2004年5月30日","13.4461","13.3166","13.5343","13.1716","1.17%"
"2004年5月23日","13.2900","13.5481","13.6970","13.2850","-2.18%"
"2004年5月16日","13.5857","13.7956","13.8621","13.4973","-1.45%"
"2004年5月9日","13.7849","13.5629","13.8849","13.5532","1.61%"
"2004年5月2日","13.5669","13.3354","13.5922","13.0817","1.71%"
"2004年4月25日","13.3392","13.1692","13.4204","13.0786","1.12%"
"2004年4月18日","13.1921","13.0157","13.2824","13.0000","1.27%"
"2004年4月11日","13.0272","12.8427","13.2007","12.6892","1.34%"
"2004年4月4日","12.8550","12.6157","12.9625","12.5782","1.80%"
"2004年3月28日","12.6273","12.7587","12.8346","12.4997","-1.35%"
"2004年3月21日","12.7996","12.9689","12.9746","12.7557","-0.69%"
"2004年3月14日","12.8883","13.3726","13.4281","12.8480","-3.77%"
"2004年3月7日","13.3929","13.5517","13.5773","13.3133","-0.65%"
"2004年2月29日","13.4809","13.1752","13.6261","13.1523","2.31%"
"2004年2月22日","13.1770","13.1661","13.2721","13.0480","0.05%"
"2004年2月15日","13.1705","12.7457","13.2090","12.7276","3.33%"
"2004年2月8日","12.7462","12.7770","12.8048","12.7024","-0.11%"
"2004年2月1日","12.7596","12.7569","12.9056","12.7095","-0.13%"
"2004年1月25日","12.7767","12.8788","12.8980","12.7362","-0.92%"
"2004年1月18日","12.8952","12.8816","13.0390","12.7942","0.08%"
"2004年1月11日","12.8849","12.8837","12.9296","12.7694","0.04%"
"2004年1月4日","12.8803","12.9321","13.0806","12.7916","-0.42%"
"2003年12月28日","12.9342","12.9673","13.0201","12.8827","-0.41%"
"2003年12月21日","12.9869","13.0047","13.0446","12.9155","-0.29%"
"2003年12月14日","13.0247","13.0852","13.0967","12.9503","0.05%"
"2003年12月7日","13.0184","13.0044","13.1393","12.8969","0.05%"
"2003年11月30日","13.0115","13.2483","13.2948","12.9878","-1.76%"
"2003年11月23日","13.2451","13.1361","13.2981","13.1361","0.79%"
"2003年11月16日","13.1407","13.0760","13.2614","12.9893","0.40%"
"2003年11月9日","13.0887","13.2051","13.2504","13.0275","-0.92%"
"2003年11月2日","13.2101","13.2758","13.4739","13.1713","-0.53%"
"2003年10月26日","13.2808","13.2068","13.3205","13.0269","0.71%"
"2003年10月19日","13.1875","13.1502","13.3652","13.1417","-0.16%"
"2003年10月12日","13.2083","13.1148","13.3326","13.0822","0.61%"
"2003年10月5日","13.1280","13.4069","13.4565","13.0758","-2.03%"
"2003年9月28日","13.3998","13.4890","13.5119","13.2981","-0.62%"
"2003年9月21日","13.4839","13.5767","13.6214","13.4223","-2.18%"
"2003年9月14日","13.7847","14.1673","14.2229","13.8591","-2.74%"
"2003年9月7日","14.1733","14.2093","14.2243","14.0182","0.46%"
"2003年8月31日","14.1084","14.1062","14.1613","13.9820","-0.12%"
"2003年8月24日","14.1250","14.2010","14.2606","14.0289","-0.50%"
"2003年8月17日","14.1955","14.3979","14.4766","14.1699","-1.41%"
"2003年8月10日","14.3987","14.3658","14.4622","14.2740","0.03%"
"2003年8月3日","14.3950","14.4961","14.5781","14.3463","-0.82%"
"2003年7月27日","14.5133","14.3725","14.5845","14.3592","1.20%"
"2003年7月20日","14.3412","14.3049","14.4218","14.2988","0.15%"
"2003年7月13日","14.3204","14.2162","14.4096","14.0905","0.54%"
"2003年7月6日","14.2428","14.2795","14.3438","14.1772","-0.10%"
"2003年6月29日","14.2566","14.4788","14.5296","14.2348","-1.35%"
"2003年6月22日","14.4520","14.2861","14.4832","14.1851","1.11%"
"2003年6月15日","14.2929","14.1658","14.3921","14.1537","0.75%"
"2003年6月8日","14.1860","14.3106","14.3230","14.1896","-1.05%"
"2003年6月1日","14.3361","14.4257","14.4583","14.1728","-0.53%"
"2003年5月25日","14.4132","14.1098","14.5167","14.0327","2.07%"
"2003年5月18日","14.1213","13.9605","14.2338","13.8977","0.53%"
"2003年5月11日","14.0463","14.1608","14.1763","13.9243","-0.96%"
"2003年5月4日","14.1829","14.3793","14.3878","14.0172","-1.39%"
"2003年4月27日","14.3824","14.5244","14.5879","14.3007","-0.97%"
"2003年4月20日","14.5234","14.4533","14.6392","14.4181","0.31%"
"2003年4月13日","14.4781","14.5625","14.5994","14.3646","-0.59%"
"2003年4月6日","14.5635","14.5410","14.6082","14.3922","0.46%"
"2003年3月30日","14.4961","14.4783","14.5229","14.2086","0.16%"
"2003年3月23日","14.4736","14.6159","14.6594","14.4188","-1.36%"
"2003年3月16日","14.6738","14.2755","14.7272","14.2005","2.71%"
"2003年3月9日","14.2869","14.1471","14.3501","14.0612","1.01%"
"2003年3月2日","14.1445","14.2797","14.2956","14.0548","-0.89%"
"2003年2月23日","14.2718","14.3727","14.3769","14.1104","-0.49%"
"2003年2月16日","14.3418","14.5456","14.5946","14.2624","-1.33%"
"2003年2月9日","14.5350","14.5372","14.7147","14.5080","0.00%"
"2003年2月2日","14.5346","14.4626","14.6011","14.3768","0.35%"
"2003年1月26日","14.4845","14.2384","14.5087","14.1986","1.77%"
"2003年1月19日","14.2332","14.2491","14.3982","14.1939","0.05%"
"2003年1月12日","14.2255","14.3993","14.4374","14.1799","-1.29%"
"2003年1月5日","14.4116","14.4686","14.5759","14.3140","-0.38%"
"2002年12月29日","14.4664","14.3397","14.5339","14.3213","-0.14%"
"2002年12月22日","14.4867","14.4818","14.4867","14.4818","-0.40%"
"2002年12月15日","14.5446","14.5374","14.5446","14.5374","-0.07%"
"2002年12月8日","14.5553","14.5522","14.5553","14.5522","-2.46%"
"2002年12月1日","14.9228","14.9191","14.9228","14.9191","0.79%"
"2002年11月24日","14.8056","14.8007","14.8056","14.8007","-0.23%"
"2002年11月17日","14.8399","14.8368","14.8399","14.8368","1.94%"
"2002年11月10日","14.5577","14.5558","14.5577","14.5558","0.59%"
"2002年11月3日","14.4719","14.4688","14.4719","14.4688","-1.94%"
"2002年10月27日","14.7588","14.7552","14.7588","14.7552","-1.77%"
"2002年10月20日","15.0250","15.0232","15.0250","15.0232","-0.92%"
"2002年10月13日","15.1642","15.1582","15.1642","15.1582","1.16%"
"2002年10月6日","14.9900","14.9839","14.9900","14.9839","0.67%"
"2002年9月29日","14.8902","14.8841","14.8902","14.8841","0.62%"
"2002年9月22日","14.7991","14.7973","14.7991","14.7973","-0.71%"
"2002年9月15日","14.9047","14.9017","14.9047","14.9017","1.40%"
"2002年9月8日","14.6989","14.6953","14.6989","14.6953","2.64%"
"2002年9月1日","14.3210","14.3180","14.3210","14.3180","0.06%"
"2002年8月25日","14.3129","14.3099","14.3129","14.3099","-0.98%"
"2002年8月18日","14.4550","14.4490","14.4550","14.4490","1.73%"
"2002年8月11日","14.2096","14.2036","14.2096","14.2036","-2.12%"
"2002年8月4日","14.5168","14.5108","14.5168","14.5108","1.13%"
"2002年7月28日","14.3552","14.3534","14.3552","14.3534","0.01%"
"2002年7月21日","14.3533","14.3497","14.3533","14.3497","2.51%"
"2002年7月14日","14.0017","13.9968","14.0017","13.9968","-0.84%"
"2002年7月7日","14.1210","14.1179","14.1210","14.1179","-2.90%"
"2002年6月30日","14.5434","14.5374","14.5434","14.5374","0.65%"
"2002年6月23日","14.4489","14.4459","14.4489","14.4459","-1.26%"
"2002年6月16日","14.6326","14.6295","14.6326","14.6295","-2.41%"
"2002年6月9日","14.9946","14.9909","14.9946","14.9909","-0.20%"
"2002年6月2日","15.0248","15.0211","15.0248","15.0211","0.18%"
"2002年5月26日","14.9979","14.9931","14.9979","14.9931","-0.49%"
"2002年5月19日","15.0717","15.0669","15.0717","15.0669","-0.98%"
"2002年5月12日","15.2208","15.2160","15.2208","15.2160","-1.29%"
"2002年5月5日","15.4197","15.4148","15.4197","15.4148","0.48%"
"2002年4月28日","15.3455","15.3395","15.3455","15.3395","-0.63%"
"2002年4月21日","15.4435","15.4410","15.4435","15.4410","-1.92%"
"2002年4月14日","15.7463","15.7427","15.7463","15.7427","-1.23%"
"2002年4月7日","15.9426","15.9378","15.9426","15.9378","0.20%"
"2002年3月31日","15.9104","15.9055","15.9104","15.9055","-0.82%"
"2002年3月24日","16.0412","16.0364","16.0412","16.0364","-0.07%"
"2002年3月17日","16.0517","16.0469","16.0517","16.0469","2.85%"
"2002年3月10日","15.6067","15.6037","15.6067","15.6037","0.51%"
"2002年3月3日","15.5272","15.5236","15.5272","15.5236","-3.66%"
"2002年2月24日","16.1178","16.1141","16.1178","16.1141","-0.46%"
"2002年2月17日","16.1916","16.1892","16.1916","16.1892","1.06%"
"2002年2月10日","16.0219","16.0171","16.0219","16.0171","-1.51%"
"2002年2月3日","16.2679","16.2625","16.2679","16.2625","1.18%"
"2002年1月27日","16.0784","16.0754","16.0784","16.0754","-0.97%"
"2002年1月20日","16.2351","16.2315","16.2351","16.2315","1.38%"
"2002年1月13日","16.0148","16.0112","16.0148","16.0112","0.36%"
"2002年1月6日","15.9579","15.9542","15.9579","15.9542","0.89%"
"2001年12月30日","15.8177","15.8141","15.8177","15.8141","-0.15%"
"2001年12月23日","15.8407","15.8370","15.8407","15.8370","1.23%"
"2001年12月16日","15.6475","15.6439","15.6475","15.6439","1.69%"
"2001年12月9日","15.3876","15.3815","15.3876","15.3815","1.46%"
"2001年12月2日","15.1669","15.1621","15.1669","15.1621","1.72%"
"2001年11月25日","14.9102","14.9048","14.9102","14.9048","-0.71%"
"2001年11月18日","15.0165","15.0129","15.0165","15.0129","1.11%"
"2001年11月11日","14.8518","14.8482","14.8518","14.8482","2.10%"
"2001年11月4日","14.5459","14.5410","14.5459","14.5410","-1.07%"
"2001年10月28日","14.7035","14.6999","14.7035","14.6999","-0.81%"
"2001年10月21日","14.8242","14.8194","14.8242","14.8194","1.21%"
"2001年10月14日","14.6463","14.6433","14.6463","14.6433","0.07%"
"2001年10月7日","14.6360","14.6330","14.6360","14.6330","0.51%"
"2001年9月30日","14.5624","14.5588","14.5624","14.5588","0.82%"
"2001年9月23日","14.4446","14.4416","14.4446","14.4416","2.53%"
"2001年9月16日","14.0877","14.0841","14.0877","14.0841","-0.67%"
"2001年9月9日","14.1822","14.1785","14.1822","14.1785","-2.22%"
"2001年9月2日","14.5046","14.4985","14.5046","14.4985","1.08%"
"2001年8月26日","14.3502","14.3472","14.3502","14.3472","-1.05%"
"2001年8月19日","14.5023","14.4987","14.5023","14.4987","-0.19%"
"2001年8月12日","14.5297","14.5261","14.5297","14.5261","-1.44%"
"2001年8月5日","14.7424","14.7388","14.7424","14.7388","-1.34%"
"2001年7月29日","14.9429","14.9393","14.9429","14.9393","0.14%"
"2001年7月22日","14.9221","14.9160","14.9221","14.9160","0.43%"
"2001年7月15日","14.8584","14.8536","14.8584","14.8536","-1.59%"
"2001年7月8日","15.0978","15.0942","15.0978","15.0942","-0.73%"
"2001年7月1日","15.2088","15.2027","15.2088","15.2027","0.93%"
"2001年6月24日","15.0688","15.0628","15.0688","15.0628","0.20%"
"2001年6月17日","15.0392","15.0362","15.0392","15.0362","1.27%"
"2001年6月10日","14.8508","14.8472","14.8508","14.8472","1.61%"
"2001年6月3日","14.6158","14.6121","14.6158","14.6121","1.42%"
"2001年5月27日","14.4110","14.4074","14.4110","14.4074","-1.13%"
"2001年5月20日","14.5763","14.5703","14.5763","14.5703","-2.33%"
"2001年5月13日","14.9236","14.9188","14.9236","14.9188","0.82%"
"2001年5月6日","14.8023","14.7975","14.8023","14.7975","0.96%"
"2001年4月29日","14.6616","14.6556","14.6616","14.6556","-2.15%"
"2001年4月22日","14.9832","14.9771","14.9832","14.9771","1.20%"
"2001年4月15日","14.8052","14.8004","14.8052","14.8004","-1.35%"
"2001年4月8日","15.0081","15.0020","15.0081","15.0020","0.35%"
"2001年4月1日","14.9552","14.9504","14.9552","14.9504","-1.94%"
"2001年3月25日","15.2518","15.2458","15.2518","15.2458","2.91%"
"2001年3月18日","14.8212","14.8164","14.8212","14.8164","-0.24%"
"2001年3月11日","14.8567","14.8506","14.8567","14.8506","2.87%"
"2001年3月4日","14.4423","14.4393","14.4423","14.4393","0.39%"
"2001年2月25日","14.3859","14.3799","14.3859","14.3799","2.79%"
"2001年2月18日","13.9954","13.9923","13.9954","13.9923","0.09%"
"2001年2月11日","13.9833","13.9773","13.9833","13.9773","-1.56%"
"2001年2月4日","14.2054","14.1994","14.2054","14.1994","1.67%"
"2001年1月28日","13.9718","13.9657","13.9718","13.9657","-1.41%"
"2001年1月21日","14.1715","14.1654","14.1715","14.1654","0.12%"
"2001年1月14日","14.1547","14.1487","14.1547","14.1487","-1.11%"
"2001年1月7日","14.3141","14.3111","14.3141","14.3111","1.63%"
"2000年12月31日","14.0852","14.0791","14.0852","14.0791","1.98%"
"2000年12月24日","13.8111","13.8051","13.8111","13.8051","1.25%"
"2000年12月17日","13.6402","13.6342","13.6402","13.6342","0.27%"
"2000年12月10日","13.6030","13.5970","13.6030","13.5970","1.42%"
"2000年12月3日","13.4121","13.4060","13.4121","13.4060","-0.25%"
"2000年11月26日","13.4460","13.4400","13.4460","13.4400","-0.03%"
"2000年11月19日","13.4503","13.4454","13.4503","13.4454","2.28%"
"2000年11月12日","13.1510","13.1450","13.1510","13.1450","0.83%"
"2000年11月5日","13.0431","13.0370","13.0431","13.0370","0.84%"
"2000年10月29日","12.9350","12.9289","12.9350","12.9289","-1.45%"
"2000年10月22日","13.1251","13.1203","13.1251","13.1203","-0.19%"
"2000年10月15日","13.1496","13.1472","13.1496","13.1472","0.95%"
"2000年10月8日","13.0254","13.0194","13.0254","13.0194","-0.92%"
"2000年10月1日","13.1465","13.1417","13.1465","13.1417","0.69%"
"2000年9月24日","13.0558","13.0498","13.0558","13.0498","0.13%"
"2000年9月17日","13.0395","13.0334","13.0395","13.0334","0.75%"
"2000年9月10日","12.9418","12.9357","12.9418","12.9357","0.96%"
"2000年9月3日","12.8186","12.8161","12.8186","12.8161","0.11%"
"2000年8月27日","12.8040","12.7991","12.8040","12.7991","-0.78%"
"2000年8月20日","12.9047","12.8999","12.9047","12.8999","-1.44%"
"2000年8月13日","13.0935","13.0886","13.0935","13.0886","-0.11%"
"2000年8月6日","13.1082","13.1033","13.1082","13.1033","-0.08%"
"2000年7月30日","13.1187","13.1126","13.1187","13.1126","-0.83%"
"2000年7月23日","13.2280","13.2220","13.2280","13.2220","0.55%"
"2000年7月16日","13.1554","13.1506","13.1554","13.1506","0.99%"
"2000年7月9日","13.0260","13.0200","13.0260","13.0200","-0.03%"
"2000年7月2日","13.0301","13.0253","13.0301","13.0253","1.76%"
"2000年6月25日","12.8047","12.8023","12.8047","12.8023","1.15%"
"2000年6月18日","12.6593","12.6545","12.6593","12.6545","-1.53%"
"2000年6月11日","12.8564","12.8516","12.8564","12.8516","-0.45%"
"2000年6月4日","12.9150","12.9090","12.9150","12.9090","-1.07%"
"2000年5月28日","13.0541","13.0480","13.0541","13.0480","0.84%"
"2000年5月21日","12.9454","12.9405","12.9454","12.9405","0.12%"
"2000年5月14日","12.9302","12.9253","12.9302","12.9253","-1.24%"
"2000年5月7日","13.0928","13.0880","13.0928","13.0880","-0.14%"
"2000年4月30日","13.1113","13.1064","13.1113","13.1064","0.33%"
"2000年4月23日","13.0678","13.0630","13.0678","13.0630","2.28%"
"2000年4月16日","12.7765","12.7716","12.7765","12.7716","0.94%"
"2000年4月9日","12.6579","12.6519","12.6579","12.6519","-0.57%"
"2000年4月2日","12.7302","12.7254","12.7302","12.7254","2.52%"
"2000年3月26日","12.4174","12.4114","12.4174","12.4114","-3.81%"
"2000年3月19日","12.9099","12.9051","12.9099","12.9051","0.15%"
"2000年3月12日","12.8906","12.8888","12.8906","12.8888","0.42%"
"2000年3月5日","12.8369","12.8320","12.8369","12.8320","-1.38%"
"2000年2月27日","13.0162","13.0114","13.0162","13.0114","-2.34%"
"2000年2月20日","13.3284","13.3235","13.3284","13.3235","-0.58%"
"2000年2月13日","13.4055","13.4007","13.4055","13.4007","2.01%"
"2000年2月6日","13.1420","13.1360","13.1420","13.1360","1.49%"
"2000年1月30日","12.9488","12.9439","12.9488","12.9439","0.07%"
"2000年1月23日","12.9401","12.9353","12.9401","12.9353","2.30%"
"2000年1月16日","12.6494","12.6433","12.6494","12.6433","-1.01%"
"2000年1月9日","12.7789","12.7758","12.7789","12.7758","0.41%"
"2000年1月2日","12.7262","12.7244","12.7262","12.7244","3.04%"